URL,Final URL,Redirected,Status,Template,Blocks,Integrations,Complexity,Migration Method
http://www.dentsplysirona.com/terms-of-use,https://www.dentsplysirona.com/en-us/legal/terms-of-use.html,yes,200,Explore / Category Landing,"Hero, Embed, List, Search",Adobe DTM / Launch; Adobe Scene7 / Dynamic Media; SAP Hybris Commerce; Commerce GraphQL API; Coveo Search; reCAPTCHA; OneTrust; Google Fonts,High,Manual
https://www.dentsplysirona.com/en,https://www.dentsplysirona.com/en,no,200,Explore / Category Landing,"Hero, Teaser, Carousel, Cards, Embed, List, Search",Adobe DTM / Launch; Adobe Scene7 / Dynamic Media; SAP Hybris Commerce; Commerce GraphQL API; Coveo Search; reCAPTCHA; OneTrust; Google Fonts,High,Manual
https://www.dentsplysirona.com/en/academy.html,https://www.dentsplysirona.com/en/learn,yes,200,Explore / Category Landing,"Hero, Teaser, Carousel, Cards, Embed, List, Search",Adobe DTM / Launch; Adobe Scene7 / Dynamic Media; SAP Hybris Commerce; Commerce GraphQL API; Coveo Search; reCAPTCHA; OneTrust; Google Fonts,High,Manual
https://www.dentsplysirona.com/en/academy/about-academy.html,https://www.dentsplysirona.com/en/academy/about-academy.html,no,200,Academy — Content,"Carousel, List, Search",Adobe DTM / Launch; Adobe Scene7 / Dynamic Media; SAP Hybris Commerce; Commerce GraphQL API; Coveo Search; reCAPTCHA; OneTrust; Google Fonts,Low,Automated
https://www.dentsplysirona.com/en/academy/about-academy/partnerships.html,https://www.dentsplysirona.com/en/academy/about-academy/partnerships.html,no,200,Academy — Content,"List, Search",Adobe DTM / Launch; Adobe Scene7 / Dynamic Media; SAP Hybris Commerce; Commerce GraphQL API; Coveo Search; reCAPTCHA; OneTrust; Google Fonts,Low,Automated
https://www.dentsplysirona.com/en/academy/about-academy/research-grants.html,https://www.dentsplysirona.com/en/academy/about-academy/research-grants.html,no,200,Academy — Content,"List, Search",Adobe DTM / Launch; Adobe Scene7 / Dynamic Media; SAP Hybris Commerce; Commerce GraphQL API; Coveo Search; reCAPTCHA; OneTrust; Google Fonts,Low,Automated
https://www.dentsplysirona.com/en/academy/about-academy/SCADA-Program.html,https://www.dentsplysirona.com/en/academy/about-academy/SCADA-Program.html,no,200,Academy — Content,"List, Search",Adobe DTM / Launch; Adobe Scene7 / Dynamic Media; SAP Hybris Commerce; Commerce GraphQL API; Coveo Search; reCAPTCHA; OneTrust; Google Fonts,Low,Automated
https://www.dentsplysirona.com/en/academy/ce/courses.html,https://www.dentsplysirona.com/en/academy/ce/courses.html,no,200,Discover Hub / Homepage,"List, Search",Adobe DTM / Launch; Adobe Scene7 / Dynamic Media; SAP Hybris Commerce; Commerce GraphQL API; Coveo Search; reCAPTCHA; OneTrust; Google Fonts,Medium,Semi-Automated
https://www.dentsplysirona.com/en/academy/ce/courses/dental-lab.html,https://www.dentsplysirona.com/en/academy/ce/courses/dental-lab.html,no,200,Academy — Course Listing,"List, Search",Adobe DTM / Launch; Adobe Scene7 / Dynamic Media; SAP Hybris Commerce; Commerce GraphQL API; Coveo Search; reCAPTCHA; OneTrust; Google Fonts,High,Manual
https://www.dentsplysirona.com/en/academy/ce/courses/digital-dentistry-cbct.html,https://www.dentsplysirona.com/en/academy/ce/courses/digital-dentistry-cbct.html,no,200,Academy — Course Listing,"List, Search",Adobe DTM / Launch; Adobe Scene7 / Dynamic Media; SAP Hybris Commerce; Commerce GraphQL API; Coveo Search; reCAPTCHA; OneTrust; Google Fonts,High,Manual
https://www.dentsplysirona.com/en/academy/ce/courses/implant-dentistry.html,https://www.dentsplysirona.com/en/academy/ce/courses/implant-dentistry.html,no,200,Academy — Course Listing,"List, Search",Adobe DTM / Launch; Adobe Scene7 / Dynamic Media; SAP Hybris Commerce; Commerce GraphQL API; Coveo Search; reCAPTCHA; OneTrust; Google Fonts,High,Manual
https://www.dentsplysirona.com/en/academy/ce/courses/orthodontics.html,https://www.dentsplysirona.com/en/academy/ce/courses/orthodontics.html,no,200,Academy — Course Listing,"List, Search",Adobe DTM / Launch; Adobe Scene7 / Dynamic Media; SAP Hybris Commerce; Commerce GraphQL API; Coveo Search; reCAPTCHA; OneTrust; Google Fonts,High,Manual
https://www.dentsplysirona.com/en/academy/ce/courses/preventive.html,https://www.dentsplysirona.com/en/academy/ce/courses/preventive.html,no,200,Academy — Course Listing,"List, Search",Adobe DTM / Launch; Adobe Scene7 / Dynamic Media; SAP Hybris Commerce; Commerce GraphQL API; Coveo Search; reCAPTCHA; OneTrust; Google Fonts,High,Manual
https://www.dentsplysirona.com/en/academy/ce/courses/restorative-prosthodontics.html,https://www.dentsplysirona.com/en/academy/ce/courses/restorative-prosthodontics.html,no,200,Academy — Course Listing,"List, Search",Adobe DTM / Launch; Adobe Scene7 / Dynamic Media; SAP Hybris Commerce; Commerce GraphQL API; Coveo Search; reCAPTCHA; OneTrust; Google Fonts,High,Manual
https://www.dentsplysirona.com/en/academy/ce/videos.html,https://www.dentsplysirona.com/en/academy/ce/videos.html,no,200,Discover Hub / Homepage,"List, Search",Adobe DTM / Launch; Adobe Scene7 / Dynamic Media; SAP Hybris Commerce; Commerce GraphQL API; Coveo Search; reCAPTCHA; OneTrust; Google Fonts,Medium,Semi-Automated
https://www.dentsplysirona.com/en/academy/course-series.html,https://www.dentsplysirona.com/en/academy/course-series.html,no,200,Discover Hub / Homepage,"Carousel, List, Search",Adobe DTM / Launch; Adobe Scene7 / Dynamic Media; SAP Hybris Commerce; Commerce GraphQL API; Coveo Search; reCAPTCHA; OneTrust; Google Fonts,Medium,Semi-Automated
https://www.dentsplysirona.com/en/academy/course-series/aligner-course-series.html,https://www.dentsplysirona.com/en/academy/course-series/aligner-course-series.html,no,200,Discover Hub / Homepage,"List, Search",Adobe DTM / Launch; Adobe Scene7 / Dynamic Media; SAP Hybris Commerce; Commerce GraphQL API; Coveo Search; reCAPTCHA; OneTrust; Google Fonts,Medium,Semi-Automated
https://www.dentsplysirona.com/en/academy/course-series/dental-diagnosis-course-series.html,https://www.dentsplysirona.com/en/academy/course-series/dental-diagnosis-course-series.html,no,200,Discover Hub / Homepage,"List, Search",Adobe DTM / Launch; Adobe Scene7 / Dynamic Media; SAP Hybris Commerce; Commerce GraphQL API; Coveo Search; reCAPTCHA; OneTrust; Google Fonts,Medium,Semi-Automated
https://www.dentsplysirona.com/en/academy/course-series/endodontics-course-series.html,https://www.dentsplysirona.com/en/academy/course-series/endodontics-course-series.html,no,200,Discover Hub / Homepage,"List, Search",Adobe DTM / Launch; Adobe Scene7 / Dynamic Media; SAP Hybris Commerce; Commerce GraphQL API; Coveo Search; reCAPTCHA; OneTrust; Google Fonts,Medium,Semi-Automated
https://www.dentsplysirona.com/en/academy/course-series/implant-course-series.html,https://www.dentsplysirona.com/en/academy/course-series/implant-course-series.html,no,200,Discover Hub / Homepage,"List, Search",Adobe DTM / Launch; Adobe Scene7 / Dynamic Media; SAP Hybris Commerce; Commerce GraphQL API; Coveo Search; reCAPTCHA; OneTrust; Google Fonts,Medium,Semi-Automated
https://www.dentsplysirona.com/en/academy/course-series/indirect-restorative-course-series.html,https://www.dentsplysirona.com/en/academy/course-series/indirect-restorative-course-series.html,no,200,Discover Hub / Homepage,"List, Search",Adobe DTM / Launch; Adobe Scene7 / Dynamic Media; SAP Hybris Commerce; Commerce GraphQL API; Coveo Search; reCAPTCHA; OneTrust; Google Fonts,Medium,Semi-Automated
https://www.dentsplysirona.com/en/academy/course-series/sustainability-course-series.html,https://www.dentsplysirona.com/en/academy/course-series/sustainability-course-series.html,no,200,Discover Hub / Homepage,"List, Search",Adobe DTM / Launch; Adobe Scene7 / Dynamic Media; SAP Hybris Commerce; Commerce GraphQL API; Coveo Search; reCAPTCHA; OneTrust; Google Fonts,Medium,Semi-Automated
https://www.dentsplysirona.com/en/academy/courses.html,https://www.dentsplysirona.com/en/academy/courses.html,no,200,Academy — Content,"List, Search",Adobe DTM / Launch; Adobe Scene7 / Dynamic Media; SAP Hybris Commerce; Commerce GraphQL API; Coveo Search; reCAPTCHA; OneTrust; Google Fonts,Low,Automated
https://www.dentsplysirona.com/en/academy/courses/endodontics.html,https://www.dentsplysirona.com/en/academy/courses/endodontics.html,no,200,Academy — Course Listing,"List, Search",Adobe DTM / Launch; Adobe Scene7 / Dynamic Media; SAP Hybris Commerce; Commerce GraphQL API; Coveo Search; reCAPTCHA; OneTrust; Google Fonts,High,Manual
https://www.dentsplysirona.com/en/academy/education-centers.html,https://www.dentsplysirona.com/en/academy/education-centers.html,no,200,Academy — Content,"List, Search",Adobe DTM / Launch; Adobe Scene7 / Dynamic Media; SAP Hybris Commerce; Commerce GraphQL API; Coveo Search; reCAPTCHA; OneTrust; Google Fonts,Low,Automated
https://www.dentsplysirona.com/en/academy/practice-management-marketing/blog-posts.html,https://www.dentsplysirona.com/en/academy/practice-management-marketing/blog-posts.html,no,200,Discover Hub / Homepage,"List, Search",Adobe DTM / Launch; Adobe Scene7 / Dynamic Media; SAP Hybris Commerce; Commerce GraphQL API; Coveo Search; reCAPTCHA; OneTrust; Google Fonts,Medium,Semi-Automated
https://www.dentsplysirona.com/en/academy/practice-management-marketing/courses.html,https://www.dentsplysirona.com/en/academy/practice-management-marketing/courses.html,no,200,Discover Hub / Homepage,"List, Search",Adobe DTM / Launch; Adobe Scene7 / Dynamic Media; SAP Hybris Commerce; Commerce GraphQL API; Coveo Search; reCAPTCHA; OneTrust; Google Fonts,Medium,Semi-Automated
https://www.dentsplysirona.com/en/academy/practice-management-marketing/courses.html?coursefilter=Practice-Management%3Dacademy%253Alearning-area%252Fpractice-management%252Finfection-prevention%26sort%3Ddesc,https://www.dentsplysirona.com/en/academy/practice-management-marketing/courses.html?coursefilter=Practice-Management%3Dacademy%253Alearning-area%252Fpractice-management%252Finfection-prevention%26sort%3Ddesc,no,200,Discover Hub / Homepage,"List, Search",Adobe DTM / Launch; Adobe Scene7 / Dynamic Media; SAP Hybris Commerce; Commerce GraphQL API; Coveo Search; reCAPTCHA; OneTrust; Google Fonts,Medium,Semi-Automated
https://www.dentsplysirona.com/en/academy/practice-management-marketing/courses.html?coursefilter=Practice-Management%3Dacademy%253Alearning-area%252Fpractice-management%252Fmanagement-productivity%26sort%3Ddesc,https://www.dentsplysirona.com/en/academy/practice-management-marketing/courses.html?coursefilter=Practice-Management%3Dacademy%253Alearning-area%252Fpractice-management%252Fmanagement-productivity%26sort%3Ddesc,no,200,Discover Hub / Homepage,"List, Search",Adobe DTM / Launch; Adobe Scene7 / Dynamic Media; SAP Hybris Commerce; Commerce GraphQL API; Coveo Search; reCAPTCHA; OneTrust; Google Fonts,Medium,Semi-Automated
https://www.dentsplysirona.com/en/academy/practice-management-marketing/courses.html?coursefilter=Practice-Management%3Dacademy%253Alearning-area%252Fpractice-management%252Fmarketing-strategies%26sort%3Ddesc,https://www.dentsplysirona.com/en/academy/practice-management-marketing/courses.html?coursefilter=Practice-Management%3Dacademy%253Alearning-area%252Fpractice-management%252Fmarketing-strategies%26sort%3Ddesc,no,200,Discover Hub / Homepage,"List, Search",Adobe DTM / Launch; Adobe Scene7 / Dynamic Media; SAP Hybris Commerce; Commerce GraphQL API; Coveo Search; reCAPTCHA; OneTrust; Google Fonts,Medium,Semi-Automated
https://www.dentsplysirona.com/en/academy/practice-management-marketing/courses.html?coursefilter=Practice-Management%3Dacademy%253Alearning-area%252Fpractice-management%252Fpatient-experience%26sort%3Ddesc,https://www.dentsplysirona.com/en/academy/practice-management-marketing/courses.html?coursefilter=Practice-Management%3Dacademy%253Alearning-area%252Fpractice-management%252Fpatient-experience%26sort%3Ddesc,no,200,Discover Hub / Homepage,"List, Search",Adobe DTM / Launch; Adobe Scene7 / Dynamic Media; SAP Hybris Commerce; Commerce GraphQL API; Coveo Search; reCAPTCHA; OneTrust; Google Fonts,Medium,Semi-Automated
https://www.dentsplysirona.com/en/academy/practice-management-marketing/courses.html?coursefilter=Practice-Management%3Dacademy%253Alearning-area%252Fpractice-management%252Fsustainable-dentistry%26sort%3Ddesc,https://www.dentsplysirona.com/en/academy/practice-management-marketing/courses.html?coursefilter=Practice-Management%3Dacademy%253Alearning-area%252Fpractice-management%252Fsustainable-dentistry%26sort%3Ddesc,no,200,Discover Hub / Homepage,"List, Search",Adobe DTM / Launch; Adobe Scene7 / Dynamic Media; SAP Hybris Commerce; Commerce GraphQL API; Coveo Search; reCAPTCHA; OneTrust; Google Fonts,Medium,Semi-Automated
https://www.dentsplysirona.com/en/academy/product-training/courses.html,https://www.dentsplysirona.com/en/academy/product-training/courses.html,no,200,Discover Hub / Homepage,"List, Search",Adobe DTM / Launch; Adobe Scene7 / Dynamic Media; SAP Hybris Commerce; Commerce GraphQL API; Coveo Search; reCAPTCHA; OneTrust; Google Fonts,Medium,Semi-Automated
https://www.dentsplysirona.com/en/academy/product-training/videos.html,https://www.dentsplysirona.com/en/academy/product-training/videos.html,no,200,Discover Hub / Homepage,"List, Search",Adobe DTM / Launch; Adobe Scene7 / Dynamic Media; SAP Hybris Commerce; Commerce GraphQL API; Coveo Search; reCAPTCHA; OneTrust; Google Fonts,Medium,Semi-Automated
https://www.dentsplysirona.com/en/academy/product-training/videos.html?videofilter=Brands%3Dbrands%253Aprimescan%26sort%3Ddesc,https://www.dentsplysirona.com/en/academy/product-training/videos.html?videofilter=Brands%3Dbrands%253Aprimescan%26sort%3Ddesc,no,200,Discover Hub / Homepage,"List, Search",Adobe DTM / Launch; Adobe Scene7 / Dynamic Media; SAP Hybris Commerce; Commerce GraphQL API; Coveo Search; reCAPTCHA; OneTrust; Google Fonts,Medium,Semi-Automated
https://www.dentsplysirona.com/en/academy/product-training/videos.html?videofilter=Product-Training%3Dacademy%253Alearning-area%252Fproduct-training%252Fcad-cam%26sort%3Ddesc,https://www.dentsplysirona.com/en/academy/product-training/videos.html?videofilter=Product-Training%3Dacademy%253Alearning-area%252Fproduct-training%252Fcad-cam%26sort%3Ddesc,no,200,Discover Hub / Homepage,"List, Search",Adobe DTM / Launch; Adobe Scene7 / Dynamic Media; SAP Hybris Commerce; Commerce GraphQL API; Coveo Search; reCAPTCHA; OneTrust; Google Fonts,Medium,Semi-Automated
https://www.dentsplysirona.com/en/academy/product-training/videos.html?videofilter=Product-Training%3Dacademy%253Alearning-area%252Fproduct-training%252Fcloud-services%26sort%3Ddesc,https://www.dentsplysirona.com/en/academy/product-training/videos.html?videofilter=Product-Training%3Dacademy%253Alearning-area%252Fproduct-training%252Fcloud-services%26sort%3Ddesc,no,200,Discover Hub / Homepage,"List, Search",Adobe DTM / Launch; Adobe Scene7 / Dynamic Media; SAP Hybris Commerce; Commerce GraphQL API; Coveo Search; reCAPTCHA; OneTrust; Google Fonts,Medium,Semi-Automated
https://www.dentsplysirona.com/en/academy/product-training/videos.html?videofilter=Product-Training%3Dacademy%253Alearning-area%252Fproduct-training%252Fdental-chairs%26sort%3Ddesc,https://www.dentsplysirona.com/en/academy/product-training/videos.html?videofilter=Product-Training%3Dacademy%253Alearning-area%252Fproduct-training%252Fdental-chairs%26sort%3Ddesc,no,200,Discover Hub / Homepage,"List, Search",Adobe DTM / Launch; Adobe Scene7 / Dynamic Media; SAP Hybris Commerce; Commerce GraphQL API; Coveo Search; reCAPTCHA; OneTrust; Google Fonts,Medium,Semi-Automated
https://www.dentsplysirona.com/en/academy/product-training/videos.html?videofilter=Product-Training%3Dacademy%253Alearning-area%252Fproduct-training%252Fdental-hygiene%26sort%3Ddesc,https://www.dentsplysirona.com/en/academy/product-training/videos.html?videofilter=Product-Training%3Dacademy%253Alearning-area%252Fproduct-training%252Fdental-hygiene%26sort%3Ddesc,no,200,Discover Hub / Homepage,"List, Search",Adobe DTM / Launch; Adobe Scene7 / Dynamic Media; SAP Hybris Commerce; Commerce GraphQL API; Coveo Search; reCAPTCHA; OneTrust; Google Fonts,Medium,Semi-Automated
https://www.dentsplysirona.com/en/academy/product-training/videos.html?videofilter=Product-Training%3Dacademy%253Alearning-area%252Fproduct-training%252Fdental-lab%26sort%3Ddesc,https://www.dentsplysirona.com/en/academy/product-training/videos.html?videofilter=Product-Training%3Dacademy%253Alearning-area%252Fproduct-training%252Fdental-lab%26sort%3Ddesc,no,200,Discover Hub / Homepage,"List, Search",Adobe DTM / Launch; Adobe Scene7 / Dynamic Media; SAP Hybris Commerce; Commerce GraphQL API; Coveo Search; reCAPTCHA; OneTrust; Google Fonts,Medium,Semi-Automated
https://www.dentsplysirona.com/en/academy/product-training/videos.html?videofilter=Product-Training%3Dacademy%253Alearning-area%252Fproduct-training%252Fendodontics%26sort%3Ddesc,https://www.dentsplysirona.com/en/academy/product-training/videos.html?videofilter=Product-Training%3Dacademy%253Alearning-area%252Fproduct-training%252Fendodontics%26sort%3Ddesc,no,200,Discover Hub / Homepage,"List, Search",Adobe DTM / Launch; Adobe Scene7 / Dynamic Media; SAP Hybris Commerce; Commerce GraphQL API; Coveo Search; reCAPTCHA; OneTrust; Google Fonts,Medium,Semi-Automated
https://www.dentsplysirona.com/en/academy/product-training/videos.html?videofilter=Product-Training%3Dacademy%253Alearning-area%252Fproduct-training%252Fimplant-dentistry%26sort%3Ddesc,https://www.dentsplysirona.com/en/academy/product-training/videos.html?videofilter=Product-Training%3Dacademy%253Alearning-area%252Fproduct-training%252Fimplant-dentistry%26sort%3Ddesc,no,200,Discover Hub / Homepage,"List, Search",Adobe DTM / Launch; Adobe Scene7 / Dynamic Media; SAP Hybris Commerce; Commerce GraphQL API; Coveo Search; reCAPTCHA; OneTrust; Google Fonts,Medium,Semi-Automated
https://www.dentsplysirona.com/en/academy/product-training/videos.html?videofilter=Product-Training%3Dacademy%253Alearning-area%252Fproduct-training%252Finfection-control%26sort%3Ddesc,https://www.dentsplysirona.com/en/academy/product-training/videos.html?videofilter=Product-Training%3Dacademy%253Alearning-area%252Fproduct-training%252Finfection-control%26sort%3Ddesc,no,200,Discover Hub / Homepage,"List, Search",Adobe DTM / Launch; Adobe Scene7 / Dynamic Media; SAP Hybris Commerce; Commerce GraphQL API; Coveo Search; reCAPTCHA; OneTrust; Google Fonts,Medium,Semi-Automated
https://www.dentsplysirona.com/en/academy/product-training/videos.html?videofilter=Product-Training%3Dacademy%253Alearning-area%252Fproduct-training%252Finstruments%26sort%3Ddesc,https://www.dentsplysirona.com/en/academy/product-training/videos.html?videofilter=Product-Training%3Dacademy%253Alearning-area%252Fproduct-training%252Finstruments%26sort%3Ddesc,no,200,Discover Hub / Homepage,"List, Search",Adobe DTM / Launch; Adobe Scene7 / Dynamic Media; SAP Hybris Commerce; Commerce GraphQL API; Coveo Search; reCAPTCHA; OneTrust; Google Fonts,Medium,Semi-Automated
https://www.dentsplysirona.com/en/academy/product-training/videos.html?videofilter=Product-Training%3Dacademy%253Alearning-area%252Fproduct-training%252Forthodontics%26sort%3Ddesc,https://www.dentsplysirona.com/en/academy/product-training/videos.html?videofilter=Product-Training%3Dacademy%253Alearning-area%252Fproduct-training%252Forthodontics%26sort%3Ddesc,no,200,Discover Hub / Homepage,"List, Search",Adobe DTM / Launch; Adobe Scene7 / Dynamic Media; SAP Hybris Commerce; Commerce GraphQL API; Coveo Search; reCAPTCHA; OneTrust; Google Fonts,Medium,Semi-Automated
https://www.dentsplysirona.com/en/academy/product-training/videos.html?videofilter=Product-Training%3Dacademy%253Alearning-area%252Fproduct-training%252Frestorative%26sort%3Ddesc,https://www.dentsplysirona.com/en/academy/product-training/videos.html?videofilter=Product-Training%3Dacademy%253Alearning-area%252Fproduct-training%252Frestorative%26sort%3Ddesc,no,200,Discover Hub / Homepage,"List, Search",Adobe DTM / Launch; Adobe Scene7 / Dynamic Media; SAP Hybris Commerce; Commerce GraphQL API; Coveo Search; reCAPTCHA; OneTrust; Google Fonts,Medium,Semi-Automated
https://www.dentsplysirona.com/en/academy/product-training/videos.html?videofilter=Product-Training%3Dacademy%253Alearning-area%252Fproduct-training%252Fx-ray-devices%26sort%3Ddesc,https://www.dentsplysirona.com/en/academy/product-training/videos.html?videofilter=Product-Training%3Dacademy%253Alearning-area%252Fproduct-training%252Fx-ray-devices%26sort%3Ddesc,no,200,Discover Hub / Homepage,"List, Search",Adobe DTM / Launch; Adobe Scene7 / Dynamic Media; SAP Hybris Commerce; Commerce GraphQL API; Coveo Search; reCAPTCHA; OneTrust; Google Fonts,Medium,Semi-Automated
https://www.dentsplysirona.com/en/academy/research-and-articles.html,https://www.dentsplysirona.com/en/academy/research-and-articles.html,no,200,Discover Hub / Homepage,"List, Search",Adobe DTM / Launch; Adobe Scene7 / Dynamic Media; SAP Hybris Commerce; Commerce GraphQL API; Coveo Search; reCAPTCHA; OneTrust; Google Fonts,Medium,Semi-Automated
https://www.dentsplysirona.com/en/academy/research-and-articles/atlantis-case-study-review.html,https://www.dentsplysirona.com/en/academy/research-and-articles/atlantis-case-study-review.html,no,200,Academy — Study,"Carousel, List, Search",Adobe DTM / Launch; Adobe Scene7 / Dynamic Media; SAP Hybris Commerce; Commerce GraphQL API; Coveo Search; reCAPTCHA; OneTrust; Google Fonts,Medium,Semi-Automated
https://www.dentsplysirona.com/en/academy/videos.html,https://www.dentsplysirona.com/en/academy/videos.html,no,200,Discover Hub / Homepage,"List, Search",Adobe DTM / Launch; Adobe Scene7 / Dynamic Media; SAP Hybris Commerce; Commerce GraphQL API; Coveo Search; reCAPTCHA; OneTrust; Google Fonts,Medium,Semi-Automated
https://www.dentsplysirona.com/en/all-countries.html,https://www.dentsplysirona.com/en/all-countries/view-all-country-websites.html,yes,200,Basic Content Page,"List, Search",Adobe DTM / Launch; Adobe Scene7 / Dynamic Media; SAP Hybris Commerce; Commerce GraphQL API; Coveo Search; reCAPTCHA; OneTrust; Google Fonts,Low,Automated
https://www.dentsplysirona.com/en/all-countries/view-all-country-websites.html,https://www.dentsplysirona.com/en/all-countries/view-all-country-websites.html,no,200,Basic Content Page,"List, Search",Adobe DTM / Launch; Adobe Scene7 / Dynamic Media; SAP Hybris Commerce; Commerce GraphQL API; Coveo Search; reCAPTCHA; OneTrust; Google Fonts,Low,Automated
https://www.dentsplysirona.com/en/archived-pages/ds-world/ds-world-events.html,https://www.dentsplysirona.com/en/archived-pages/ds-world/ds-world-events.html,no,404,(unavailable),—,,N/A,Excluded
https://www.dentsplysirona.com/en/company.html,https://www.dentsplysirona.com/en/why-ds/our-company/sustainability.html,yes,200,Explore / Category Landing,"Hero, Teaser, Step, Cards, Banner, Embed, List, Search",Adobe DTM / Launch; Adobe Scene7 / Dynamic Media; SAP Hybris Commerce; Commerce GraphQL API; Coveo Search; reCAPTCHA; OneTrust; Google Fonts,High,Manual
https://www.dentsplysirona.com/en/company/careers.html,https://www.dentsplysirona.com/en/company/careers.html,no,200,Basic Content Page,"Carousel, List, Search",Adobe DTM / Launch; Adobe Scene7 / Dynamic Media; SAP Hybris Commerce; Commerce GraphQL API; Coveo Search; reCAPTCHA; OneTrust; Google Fonts,Low,Automated
https://www.dentsplysirona.com/en/company/careers/early-careers.html,https://www.dentsplysirona.com/en/company/careers/early-careers.html,no,200,Basic Content Page,"Carousel, List, Search",Adobe DTM / Launch; Adobe Scene7 / Dynamic Media; SAP Hybris Commerce; Commerce GraphQL API; Coveo Search; reCAPTCHA; OneTrust; Google Fonts,Low,Automated
https://www.dentsplysirona.com/en/company/careers/locations.html,https://www.dentsplysirona.com/en/company/careers/locations.html,no,200,Basic Content Page,"Carousel, List, Search",Adobe DTM / Launch; Adobe Scene7 / Dynamic Media; SAP Hybris Commerce; Commerce GraphQL API; Coveo Search; reCAPTCHA; OneTrust; Google Fonts,Low,Automated
https://www.dentsplysirona.com/en/company/careers/our-teams.html,https://www.dentsplysirona.com/en/company/careers/our-teams.html,no,200,Basic Content Page,"Carousel, List, Search",Adobe DTM / Launch; Adobe Scene7 / Dynamic Media; SAP Hybris Commerce; Commerce GraphQL API; Coveo Search; reCAPTCHA; OneTrust; Google Fonts,Low,Automated
https://www.dentsplysirona.com/en/company/careers/perks-benefits.html,https://www.dentsplysirona.com/en/company/careers/perks-benefits.html,no,200,Basic Content Page,"Carousel, List, Search",Adobe DTM / Launch; Adobe Scene7 / Dynamic Media; SAP Hybris Commerce; Commerce GraphQL API; Coveo Search; reCAPTCHA; OneTrust; Google Fonts,Low,Automated
https://www.dentsplysirona.com/en/company/careers/recruitment-process.html,https://www.dentsplysirona.com/en/company/careers/recruitment-process.html,no,200,Basic Content Page,"Carousel, List, Search",Adobe DTM / Launch; Adobe Scene7 / Dynamic Media; SAP Hybris Commerce; Commerce GraphQL API; Coveo Search; reCAPTCHA; OneTrust; Google Fonts,Low,Automated
https://www.dentsplysirona.com/en/company/newsroom.html,https://www.dentsplysirona.com/en/company/newsroom.html,no,200,Basic Content Page,"List, Search",Adobe DTM / Launch; Adobe Scene7 / Dynamic Media; SAP Hybris Commerce; Commerce GraphQL API; Coveo Search; reCAPTCHA; OneTrust; Google Fonts,Low,Automated
https://www.dentsplysirona.com/en/company/our-company.html,https://www.dentsplysirona.com/en/company/our-company.html,no,200,Basic Content Page,"Carousel, List, Search",Adobe DTM / Launch; Adobe Scene7 / Dynamic Media; SAP Hybris Commerce; Commerce GraphQL API; Coveo Search; reCAPTCHA; OneTrust; Google Fonts,Low,Automated
https://www.dentsplysirona.com/en/company/our-company/compliance-ethics.html,https://www.dentsplysirona.com/en/company/our-company/compliance-ethics.html,no,200,Basic Content Page,"List, Search",Adobe DTM / Launch; Adobe Scene7 / Dynamic Media; SAP Hybris Commerce; Commerce GraphQL API; Coveo Search; reCAPTCHA; OneTrust; Google Fonts,Low,Automated
https://www.dentsplysirona.com/en/company/our-company/history.html,https://www.dentsplysirona.com/en/company/our-company/history.html,no,200,Basic Content Page,"List, Search",Adobe DTM / Launch; Adobe Scene7 / Dynamic Media; SAP Hybris Commerce; Commerce GraphQL API; Coveo Search; reCAPTCHA; OneTrust; Google Fonts,Low,Automated
https://www.dentsplysirona.com/en/company/our-company/innovation.html,https://www.dentsplysirona.com/en/company/our-company/innovation.html,no,200,Basic Content Page,"Carousel, List, Search",Adobe DTM / Launch; Adobe Scene7 / Dynamic Media; SAP Hybris Commerce; Commerce GraphQL API; Coveo Search; reCAPTCHA; OneTrust; Google Fonts,Low,Automated
https://www.dentsplysirona.com/en/company/our-sustainability.html,https://www.dentsplysirona.com/en/why-ds/our-company/sustainability.html,yes,200,Explore / Category Landing,"Hero, Teaser, Step, Cards, Banner, Embed, List, Search",Adobe DTM / Launch; Adobe Scene7 / Dynamic Media; SAP Hybris Commerce; Commerce GraphQL API; Coveo Search; reCAPTCHA; OneTrust; Google Fonts,High,Manual
https://www.dentsplysirona.com/en/cookie-settings.html,https://www.dentsplysirona.com/en/cookie-settings,yes,200,Explore / Category Landing,"Embed, List, Search",Adobe DTM / Launch; Adobe Scene7 / Dynamic Media; SAP Hybris Commerce; Commerce GraphQL API; Coveo Search; reCAPTCHA; OneTrust; Google Fonts,High,Manual
https://www.dentsplysirona.com/en/customer-support.html,https://www.dentsplysirona.com/en/support,yes,200,Explore / Category Landing,"Hero, Teaser, Accordion, Cards, Embed, List, Search",Adobe DTM / Launch; Adobe Scene7 / Dynamic Media; SAP Hybris Commerce; Commerce GraphQL API; Coveo Search; reCAPTCHA; OneTrust; Google Fonts,High,Manual
https://www.dentsplysirona.com/en/customer-support/contact-us.html,https://www.dentsplysirona.com/en/customer-support/contact-us.html,no,200,Support — Contact,"List, Search",Adobe DTM / Launch; Adobe Scene7 / Dynamic Media; SAP Hybris Commerce; Commerce GraphQL API; Coveo Search; reCAPTCHA; OneTrust; Google Fonts,Medium,Manual
https://www.dentsplysirona.com/en/customer-support/dealer-search.html,https://www.dentsplysirona.com/en/customer-support/dealer-search.html,no,200,Basic Content Page,"List, Search",Adobe DTM / Launch; Adobe Scene7 / Dynamic Media; SAP Hybris Commerce; Commerce GraphQL API; Coveo Search; reCAPTCHA; OneTrust; Google Fonts,Low,Automated
https://www.dentsplysirona.com/en/customer-support/download-center.html,https://www.dentsplysirona.com/en/customer-support/download-center.html,no,200,Basic Content Page,"Carousel, List, Search",Adobe DTM / Launch; Adobe Scene7 / Dynamic Media; SAP Hybris Commerce; Commerce GraphQL API; Coveo Search; reCAPTCHA; OneTrust; Google Fonts,Low,Automated
https://www.dentsplysirona.com/en/customer-support/download-center/archived-downloads.html,https://www.dentsplysirona.com/en/customer-support/download-center/archived-downloads.html,no,200,Basic Content Page,"List, Search",Adobe DTM / Launch; Adobe Scene7 / Dynamic Media; SAP Hybris Commerce; Commerce GraphQL API; Coveo Search; reCAPTCHA; OneTrust; Google Fonts,Low,Automated
https://www.dentsplysirona.com/en/customer-support/download-center/contact.html,https://www.dentsplysirona.com/en/customer-support/download-center/contact.html,no,200,Basic Content Page,"List, Search",Adobe DTM / Launch; Adobe Scene7 / Dynamic Media; SAP Hybris Commerce; Commerce GraphQL API; Coveo Search; reCAPTCHA; OneTrust; Google Fonts,Low,Automated
https://www.dentsplysirona.com/en/customer-support/help-topics/access-product-resources.html,https://www.dentsplysirona.com/en/customer-support/help-topics/access-product-resources.html,no,200,Basic Content Page,"List, Search",Adobe DTM / Launch; Adobe Scene7 / Dynamic Media; SAP Hybris Commerce; Commerce GraphQL API; Coveo Search; reCAPTCHA; OneTrust; Google Fonts,Low,Automated
https://www.dentsplysirona.com/en/discover/discover-by-brand.html,https://www.dentsplysirona.com/en/explore/all-brands.html,yes,200,Explore / Category Landing,"Hero, Embed, List, Search",Adobe DTM / Launch; Adobe Scene7 / Dynamic Media; SAP Hybris Commerce; Commerce GraphQL API; Coveo Search; reCAPTCHA; OneTrust; Google Fonts,High,Manual
https://www.dentsplysirona.com/en/discover/discover-by-brand/ankylos.html,https://www.dentsplysirona.com/en/discover/discover-by-brand/ankylos.html,no,200,Brand / Product Page,"Carousel, Video, Embed, List, Search",Adobe DTM / Launch; Adobe Scene7 / Dynamic Media; SAP Hybris Commerce; Commerce GraphQL API; Coveo Search; reCAPTCHA; OneTrust; YouTube; Google Fonts,Medium,Semi-Automated
https://www.dentsplysirona.com/en/discover/discover-by-brand/astra-tech-implant-system-ev.html,https://www.dentsplysirona.com/en/discover/discover-by-brand/astra-tech-implant-system-ev.html,no,200,Brand / Product Page,"Video, Embed, List, Search",Adobe DTM / Launch; Adobe Scene7 / Dynamic Media; SAP Hybris Commerce; Commerce GraphQL API; Coveo Search; reCAPTCHA; OneTrust; YouTube; Google Fonts,Medium,Semi-Automated
https://www.dentsplysirona.com/en/discover/discover-by-brand/astra-tech-implant-system.html,https://www.dentsplysirona.com/en/discover/discover-by-brand/astra-tech-implant-system.html,no,200,Brand / Product Page,"Carousel, List, Search",Adobe DTM / Launch; Adobe Scene7 / Dynamic Media; SAP Hybris Commerce; Commerce GraphQL API; Coveo Search; reCAPTCHA; OneTrust; Google Fonts,Medium,Semi-Automated
https://www.dentsplysirona.com/en/discover/discover-by-brand/atlantis-abutments.html,https://www.dentsplysirona.com/en/explore/implant-dentistry/brands/atlantis/atlantis-abutment.html,yes,200,Explore / Category Landing,"Hero, Teaser, Carousel, Accordion, Step, Cards, Banner, Embed, List, Search",Adobe DTM / Launch; Adobe Scene7 / Dynamic Media; SAP Hybris Commerce; Commerce GraphQL API; Coveo Search; reCAPTCHA; OneTrust; Google Fonts,High,Manual
https://www.dentsplysirona.com/en/discover/discover-by-brand/atlantis-suprastructures.html,https://www.dentsplysirona.com/en/discover/discover-by-brand/atlantis/atlantis-suprastructures.html,yes,200,Brand / Product Page,"Carousel, Video, Embed, List, Search",Adobe DTM / Launch; Adobe Scene7 / Dynamic Media; SAP Hybris Commerce; Commerce GraphQL API; Coveo Search; reCAPTCHA; OneTrust; YouTube; Google Fonts,Medium,Semi-Automated
https://www.dentsplysirona.com/en/discover/discover-by-brand/axano-pure.html,https://www.dentsplysirona.com/en/discover/discover-by-brand/axano-pure.html,no,200,Brand / Product Page,"Carousel, List, Search",Adobe DTM / Launch; Adobe Scene7 / Dynamic Media; SAP Hybris Commerce; Commerce GraphQL API; Coveo Search; reCAPTCHA; OneTrust; Google Fonts,Medium,Semi-Automated
https://www.dentsplysirona.com/en/discover/discover-by-brand/axano.html,https://www.dentsplysirona.com/en/discover/discover-by-brand/axano.html,no,200,Brand / Product Page,"Carousel, Video, Embed, List, Search",Adobe DTM / Launch; Adobe Scene7 / Dynamic Media; SAP Hybris Commerce; Commerce GraphQL API; Coveo Search; reCAPTCHA; OneTrust; YouTube; Google Fonts,Medium,Semi-Automated
https://www.dentsplysirona.com/en/discover/discover-by-brand/axano/advantages.html,https://www.dentsplysirona.com/en/discover/discover-by-brand/axano/advantages.html,no,200,Brand / Product Page,"Carousel, Video, Embed, List, Search",Adobe DTM / Launch; Adobe Scene7 / Dynamic Media; SAP Hybris Commerce; Commerce GraphQL API; Coveo Search; reCAPTCHA; OneTrust; YouTube; Google Fonts,Medium,Semi-Automated
https://www.dentsplysirona.com/en/discover/discover-by-brand/calibra-cements.html,https://www.dentsplysirona.com/en/discover/discover-by-brand/calibra-cements.html,no,200,Brand / Product Page,"Carousel, List, Search",Adobe DTM / Launch; Adobe Scene7 / Dynamic Media; SAP Hybris Commerce; Commerce GraphQL API; Coveo Search; reCAPTCHA; OneTrust; Google Fonts,Medium,Semi-Automated
https://www.dentsplysirona.com/en/discover/discover-by-brand/calibra-cements/calibra-ceram.html,https://www.dentsplysirona.com/en/discover/discover-by-brand/calibra-cements/calibra-ceram.html,no,200,Brand / Product Page,"Carousel, Video, Embed, List, Search",Adobe DTM / Launch; Adobe Scene7 / Dynamic Media; SAP Hybris Commerce; Commerce GraphQL API; Coveo Search; reCAPTCHA; OneTrust; YouTube; Google Fonts,Medium,Semi-Automated
https://www.dentsplysirona.com/en/discover/discover-by-brand/calibra-cements/calibra-universal.html,https://www.dentsplysirona.com/en/discover/discover-by-brand/calibra-cements/calibra-universal.html,no,200,Brand / Product Page,"Carousel, List, Search",Adobe DTM / Launch; Adobe Scene7 / Dynamic Media; SAP Hybris Commerce; Commerce GraphQL API; Coveo Search; reCAPTCHA; OneTrust; Google Fonts,Medium,Semi-Automated
https://www.dentsplysirona.com/en/discover/discover-by-brand/celtra-duo.html,https://www.dentsplysirona.com/en/discover/discover-by-brand/celtra-duo.html,no,200,Brand / Product Page,"Carousel, List, Search",Adobe DTM / Launch; Adobe Scene7 / Dynamic Media; SAP Hybris Commerce; Commerce GraphQL API; Coveo Search; reCAPTCHA; OneTrust; Google Fonts,Medium,Semi-Automated
https://www.dentsplysirona.com/en/discover/discover-by-brand/ceram-x-spectra-st-family.html,https://www.dentsplysirona.com/en/discover/discover-by-brand/ceram-x-spectra-st-family.html,no,200,Brand / Product Page,"Video, Embed, List, Search",Adobe DTM / Launch; Adobe Scene7 / Dynamic Media; SAP Hybris Commerce; Commerce GraphQL API; Coveo Search; reCAPTCHA; OneTrust; YouTube; Google Fonts,Medium,Semi-Automated
https://www.dentsplysirona.com/en/discover/discover-by-brand/ceram-x-spectra-st-family/ceram-x-spectra-st-flow.html,https://www.dentsplysirona.com/en/discover/discover-by-brand/ceram-x-spectra-st-family/ceram-x-spectra-st-flow.html,no,200,Brand / Product Page,"Carousel, List, Search",Adobe DTM / Launch; Adobe Scene7 / Dynamic Media; SAP Hybris Commerce; Commerce GraphQL API; Coveo Search; reCAPTCHA; OneTrust; Google Fonts,Medium,Semi-Automated
https://www.dentsplysirona.com/en/discover/discover-by-brand/ceram-x-spectra-st-family/ceram-x-spectra-st.html,https://www.dentsplysirona.com/en/discover/discover-by-brand/ceram-x-spectra-st-family/ceram-x-spectra-st.html,no,200,Brand / Product Page,"Carousel, List, Search",Adobe DTM / Launch; Adobe Scene7 / Dynamic Media; SAP Hybris Commerce; Commerce GraphQL API; Coveo Search; reCAPTCHA; OneTrust; Google Fonts,Medium,Semi-Automated
https://www.dentsplysirona.com/en/discover/discover-by-brand/ceram-x-spectra-st-family/ceramx-spectra-st-effects.html,https://www.dentsplysirona.com/en/discover/discover-by-brand/ceram-x-spectra-st-family/ceramx-spectra-st-effects.html,no,200,Brand / Product Page,"Carousel, Video, List, Search",Adobe DTM / Launch; Adobe Scene7 / Dynamic Media; SAP Hybris Commerce; Commerce GraphQL API; Coveo Search; reCAPTCHA; OneTrust; Google Fonts,Medium,Semi-Automated
https://www.dentsplysirona.com/en/discover/discover-by-brand/cercon-4d-abutment-block.html,https://www.dentsplysirona.com/en/explore/restorative/brands/other/cerec-cercon-4d.html,yes,200,Explore / Category Landing,"Hero, Teaser, Carousel, Accordion, Step, Cards, Banner, Embed, List, Search",Adobe DTM / Launch; Adobe Scene7 / Dynamic Media; SAP Hybris Commerce; Commerce GraphQL API; Coveo Search; reCAPTCHA; OneTrust; Google Fonts,High,Manual
https://www.dentsplysirona.com/en/discover/discover-by-brand/cerec-mtl-zirconia.html,https://www.dentsplysirona.com/en/discover/discover-by-brand/cerec-mtl-zirconia.html,no,200,Brand / Product Page,"Carousel, List, Search",Adobe DTM / Launch; Adobe Scene7 / Dynamic Media; SAP Hybris Commerce; Commerce GraphQL API; Coveo Search; reCAPTCHA; OneTrust; Google Fonts,Medium,Semi-Automated
https://www.dentsplysirona.com/en/discover/discover-by-brand/cerec-primemill.html,https://www.dentsplysirona.com/en/discover/discover-by-brand/cerec-primemill.html,no,200,Brand / Product Page,"Carousel, List, Search",Adobe DTM / Launch; Adobe Scene7 / Dynamic Media; SAP Hybris Commerce; Commerce GraphQL API; Coveo Search; reCAPTCHA; OneTrust; Google Fonts,Medium,Semi-Automated
https://www.dentsplysirona.com/en/discover/discover-by-brand/cerec-software.html,https://www.dentsplysirona.com/en/discover/discover-by-brand/cerec-software.html,no,200,Brand / Product Page,"Carousel, List, Search",Adobe DTM / Launch; Adobe Scene7 / Dynamic Media; SAP Hybris Commerce; Commerce GraphQL API; Coveo Search; reCAPTCHA; OneTrust; Google Fonts,Medium,Semi-Automated
https://www.dentsplysirona.com/en/discover/discover-by-brand/cerec-speedfire.html,https://www.dentsplysirona.com/en/discover/discover-by-brand/cerec-speedfire.html,no,200,Brand / Product Page,"Carousel, List, Search",Adobe DTM / Launch; Adobe Scene7 / Dynamic Media; SAP Hybris Commerce; Commerce GraphQL API; Coveo Search; reCAPTCHA; OneTrust; Google Fonts,Medium,Semi-Automated
https://www.dentsplysirona.com/en/discover/discover-by-brand/cerec-tessera.html,https://www.dentsplysirona.com/en/discover/discover-by-brand/cerec-tessera.html,no,200,Brand / Product Page,"Carousel, List, Search",Adobe DTM / Launch; Adobe Scene7 / Dynamic Media; SAP Hybris Commerce; Commerce GraphQL API; Coveo Search; reCAPTCHA; OneTrust; Google Fonts,Medium,Semi-Automated
https://www.dentsplysirona.com/en/discover/discover-by-brand/dac-universal-d.html,https://www.dentsplysirona.com/en/explore/instruments/brands/dac-universal-d.html,yes,200,Explore / Category Landing,"Hero, Teaser, Carousel, Accordion, Step, Cards, Embed, List, Search",Adobe DTM / Launch; Adobe Scene7 / Dynamic Media; SAP Hybris Commerce; Commerce GraphQL API; Coveo Search; reCAPTCHA; OneTrust; Google Fonts,High,Manual
https://www.dentsplysirona.com/en/discover/discover-by-brand/ds-core.html,https://www.dentsplysirona.com/en/explore/digital-dentistry/brands/ds-core.html,yes,200,Explore / Category Landing,"Hero, Teaser, Carousel, Accordion, Step, Cards, Banner, Embed, List, Search",Adobe DTM / Launch; Adobe Scene7 / Dynamic Media; SAP Hybris Commerce; Commerce GraphQL API; Coveo Search; reCAPTCHA; OneTrust; Google Fonts,High,Manual
https://www.dentsplysirona.com/en/discover/discover-by-brand/ds-core/contact.html,https://www.dentsplysirona.com/en/discover/discover-by-brand/ds-core/contact.html,no,200,Basic Content Page,"List, Search",Adobe DTM / Launch; Adobe Scene7 / Dynamic Media; SAP Hybris Commerce; Commerce GraphQL API; Coveo Search; reCAPTCHA; OneTrust; Google Fonts,Low,Automated
https://www.dentsplysirona.com/en/discover/discover-by-brand/ds-core/ds-core-care.html,https://www.dentsplysirona.com/en/discover/discover-by-brand/ds-core/ds-core-care.html,no,200,Brand / Product Page,"Video, List, Search",Adobe DTM / Launch; Adobe Scene7 / Dynamic Media; SAP Hybris Commerce; Commerce GraphQL API; Coveo Search; reCAPTCHA; OneTrust; Google Fonts,Medium,Semi-Automated
https://www.dentsplysirona.com/en/discover/discover-by-brand/ds-core/ds-core-create.html,https://www.dentsplysirona.com/en/discover/discover-by-brand/ds-core/ds-core-create.html,no,200,Brand / Product Page,"Video, Embed, List, Search",Adobe DTM / Launch; Adobe Scene7 / Dynamic Media; SAP Hybris Commerce; Commerce GraphQL API; Coveo Search; reCAPTCHA; OneTrust; YouTube; Google Fonts,Medium,Semi-Automated
https://www.dentsplysirona.com/en/discover/discover-by-brand/ds-omnitaper-implant-system.html,https://www.dentsplysirona.com/en/discover/discover-by-brand/ds-omnitaper-implant-system.html,no,200,Basic Content Page,"Video, Embed, List, Search",Adobe DTM / Launch; Adobe Scene7 / Dynamic Media; SAP Hybris Commerce; Commerce GraphQL API; Coveo Search; reCAPTCHA; OneTrust; YouTube; Google Fonts,Low,Automated
https://www.dentsplysirona.com/en/discover/discover-by-brand/ds-primetaper.html,https://www.dentsplysirona.com/en/discover/discover-by-brand/ds-primetaper.html,no,200,Brand / Product Page,"Video, Embed, List, Search",Adobe DTM / Launch; Adobe Scene7 / Dynamic Media; SAP Hybris Commerce; Commerce GraphQL API; Coveo Search; reCAPTCHA; OneTrust; YouTube; Google Fonts,Medium,Semi-Automated
https://www.dentsplysirona.com/en/discover/discover-by-brand/endoactivator.html,https://www.dentsplysirona.com/en/discover/discover-by-brand/endoactivator.html,no,200,Brand / Product Page,"Carousel, List, Search",Adobe DTM / Launch; Adobe Scene7 / Dynamic Media; SAP Hybris Commerce; Commerce GraphQL API; Coveo Search; reCAPTCHA; OneTrust; Google Fonts,Medium,Semi-Automated
https://www.dentsplysirona.com/en/discover/discover-by-brand/enhance.html,https://www.dentsplysirona.com/en/discover/discover-by-brand/enhance.html,no,200,Brand / Product Page,"List, Search",Adobe DTM / Launch; Adobe Scene7 / Dynamic Media; SAP Hybris Commerce; Commerce GraphQL API; Coveo Search; reCAPTCHA; OneTrust; Google Fonts,Medium,Semi-Automated
https://www.dentsplysirona.com/en/discover/discover-by-brand/essix-plastics.html,https://www.dentsplysirona.com/en/discover/discover-by-brand/essix-plastics.html,no,200,Brand / Product Page,"Carousel, List, Search",Adobe DTM / Launch; Adobe Scene7 / Dynamic Media; SAP Hybris Commerce; Commerce GraphQL API; Coveo Search; reCAPTCHA; OneTrust; Google Fonts,Medium,Semi-Automated
https://www.dentsplysirona.com/en/discover/discover-by-brand/gutta-smart.html,https://www.dentsplysirona.com/en/discover/discover-by-brand/gutta-smart.html,no,200,Brand / Product Page,"List, Search",Adobe DTM / Launch; Adobe Scene7 / Dynamic Media; SAP Hybris Commerce; Commerce GraphQL API; Coveo Search; reCAPTCHA; OneTrust; Google Fonts,Medium,Semi-Automated
https://www.dentsplysirona.com/en/discover/discover-by-brand/guttacore-obturators.html,https://www.dentsplysirona.com/en/explore/endodontics/brands/other/guttacore-obturators.html,yes,200,Explore / Category Landing,"Hero, Teaser, Carousel, Accordion, Step, Cards, Banner, Embed, List, Search",Adobe DTM / Launch; Adobe Scene7 / Dynamic Media; SAP Hybris Commerce; Commerce GraphQL API; Coveo Search; reCAPTCHA; OneTrust; Google Fonts,High,Manual
https://www.dentsplysirona.com/en/discover/discover-by-brand/inlab-cad-software.html,https://www.dentsplysirona.com/en/discover/discover-by-brand/inlab-cad-software.html,no,200,Brand / Product Page,"Carousel, List, Search",Adobe DTM / Launch; Adobe Scene7 / Dynamic Media; SAP Hybris Commerce; Commerce GraphQL API; Coveo Search; reCAPTCHA; OneTrust; Google Fonts,Medium,Semi-Automated
https://www.dentsplysirona.com/en/discover/discover-by-brand/intego.html,https://www.dentsplysirona.com/en/discover/discover-by-brand/intego.html,no,200,Brand / Product Page,"Carousel, Video, Embed, List, Search",Adobe DTM / Launch; Adobe Scene7 / Dynamic Media; SAP Hybris Commerce; Commerce GraphQL API; Coveo Search; reCAPTCHA; OneTrust; YouTube; Google Fonts,Medium,Semi-Automated
https://www.dentsplysirona.com/en/discover/discover-by-brand/intego/intego-pro.html,https://www.dentsplysirona.com/en/discover/discover-by-brand/intego/intego-pro.html,no,200,Brand / Product Page,"Carousel, List, Search",Adobe DTM / Launch; Adobe Scene7 / Dynamic Media; SAP Hybris Commerce; Commerce GraphQL API; Coveo Search; reCAPTCHA; OneTrust; Google Fonts,Medium,Semi-Automated
https://www.dentsplysirona.com/en/discover/discover-by-brand/lucitone-digital-print-denture-system.html,https://www.dentsplysirona.com/en/discover/discover-by-brand/lucitone-digital-print-denture-system.html,no,200,Brand / Product Page,"List, Search",Adobe DTM / Launch; Adobe Scene7 / Dynamic Media; SAP Hybris Commerce; Commerce GraphQL API; Coveo Search; reCAPTCHA; OneTrust; Google Fonts,Medium,Semi-Automated
https://www.dentsplysirona.com/en/discover/discover-by-brand/multimat-cube.html,https://www.dentsplysirona.com/en/discover/discover-by-brand/multimat-cube.html,no,200,Brand / Product Page,"Carousel, Video, Embed, List, Search",Adobe DTM / Launch; Adobe Scene7 / Dynamic Media; SAP Hybris Commerce; Commerce GraphQL API; Coveo Search; reCAPTCHA; OneTrust; YouTube; Google Fonts,Medium,Semi-Automated
https://www.dentsplysirona.com/en/discover/discover-by-brand/neo-spectra--st-family.html,https://www.dentsplysirona.com/en/discover/discover-by-brand/neo-spectra--st-family.html,no,200,Brand / Product Page,"Video, List, Search",Adobe DTM / Launch; Adobe Scene7 / Dynamic Media; SAP Hybris Commerce; Commerce GraphQL API; Coveo Search; reCAPTCHA; OneTrust; Google Fonts,Medium,Semi-Automated
https://www.dentsplysirona.com/en/discover/discover-by-brand/nitradem-direct-connect-2.html,https://www.dentsplysirona.com/en/discover/discover-by-brand/nitradem-direct-connect-2.html,no,200,Brand / Product Page,"Carousel, List, Search",Adobe DTM / Launch; Adobe Scene7 / Dynamic Media; SAP Hybris Commerce; Commerce GraphQL API; Coveo Search; reCAPTCHA; OneTrust; Google Fonts,Medium,Semi-Automated
https://www.dentsplysirona.com/en/discover/discover-by-brand/orthophos-e.html,https://www.dentsplysirona.com/en/discover/discover-by-brand/orthophos-e.html,no,200,Brand / Product Page,"Carousel, List, Search",Adobe DTM / Launch; Adobe Scene7 / Dynamic Media; SAP Hybris Commerce; Commerce GraphQL API; Coveo Search; reCAPTCHA; OneTrust; Google Fonts,Medium,Semi-Automated
https://www.dentsplysirona.com/en/discover/discover-by-brand/orthophos-s.html,https://www.dentsplysirona.com/en/discover/discover-by-brand/orthophos-s.html,no,200,Brand / Product Page,"Carousel, List, Search",Adobe DTM / Launch; Adobe Scene7 / Dynamic Media; SAP Hybris Commerce; Commerce GraphQL API; Coveo Search; reCAPTCHA; OneTrust; Google Fonts,Medium,Semi-Automated
https://www.dentsplysirona.com/en/discover/discover-by-brand/ossix-agile.html,https://www.dentsplysirona.com/en/discover/discover-by-brand/ossix-agile.html,no,200,Brand / Product Page,"Carousel, Video, List, Search",Adobe DTM / Launch; Adobe Scene7 / Dynamic Media; SAP Hybris Commerce; Commerce GraphQL API; Coveo Search; reCAPTCHA; OneTrust; Google Fonts,Medium,Semi-Automated
https://www.dentsplysirona.com/en/discover/discover-by-brand/ossix-bone.html,https://www.dentsplysirona.com/en/discover/discover-by-brand/ossix-bone.html,no,200,Brand / Product Page,"Carousel, List, Search",Adobe DTM / Launch; Adobe Scene7 / Dynamic Media; SAP Hybris Commerce; Commerce GraphQL API; Coveo Search; reCAPTCHA; OneTrust; Google Fonts,Medium,Semi-Automated
https://www.dentsplysirona.com/en/discover/discover-by-brand/ossix-plus.html,https://www.dentsplysirona.com/en/discover/discover-by-brand/ossix-plus.html,no,200,Brand / Product Page,"Carousel, Video, Embed, List, Search",Adobe DTM / Launch; Adobe Scene7 / Dynamic Media; SAP Hybris Commerce; Commerce GraphQL API; Coveo Search; reCAPTCHA; OneTrust; YouTube; Google Fonts,Medium,Semi-Automated
https://www.dentsplysirona.com/en/discover/discover-by-brand/ossix-volumax.html,https://www.dentsplysirona.com/en/discover/discover-by-brand/ossix-volumax.html,no,200,Brand / Product Page,"Carousel, Video, Embed, List, Search",Adobe DTM / Launch; Adobe Scene7 / Dynamic Media; SAP Hybris Commerce; Commerce GraphQL API; Coveo Search; reCAPTCHA; OneTrust; YouTube; Google Fonts,Medium,Semi-Automated
https://www.dentsplysirona.com/en/discover/discover-by-brand/palodent-family.html,https://www.dentsplysirona.com/en/discover/discover-by-brand/palodent-family.html,no,200,Brand / Product Page,"List, Search",Adobe DTM / Launch; Adobe Scene7 / Dynamic Media; SAP Hybris Commerce; Commerce GraphQL API; Coveo Search; reCAPTCHA; OneTrust; Google Fonts,Medium,Semi-Automated
https://www.dentsplysirona.com/en/discover/discover-by-brand/prime-bond-universal.html,https://www.dentsplysirona.com/en/discover/discover-by-brand/prime-bond-universal.html,no,200,Brand / Product Page,"Carousel, List, Search",Adobe DTM / Launch; Adobe Scene7 / Dynamic Media; SAP Hybris Commerce; Commerce GraphQL API; Coveo Search; reCAPTCHA; OneTrust; Google Fonts,Medium,Semi-Automated
https://www.dentsplysirona.com/en/discover/discover-by-brand/primeprint/digital-workflows.html,https://www.dentsplysirona.com/en/discover/discover-by-brand/primeprint/digital-workflows.html,no,200,Basic Content Page,"Video, Embed, List, Search",Adobe DTM / Launch; Adobe Scene7 / Dynamic Media; SAP Hybris Commerce; Commerce GraphQL API; Coveo Search; reCAPTCHA; OneTrust; YouTube; Google Fonts,Low,Automated
https://www.dentsplysirona.com/en/discover/discover-by-brand/primeprint/indications-and-materials.html,https://www.dentsplysirona.com/en/discover/discover-by-brand/primeprint/indications-and-materials.html,no,200,Brand / Product Page,"List, Search",Adobe DTM / Launch; Adobe Scene7 / Dynamic Media; SAP Hybris Commerce; Commerce GraphQL API; Coveo Search; reCAPTCHA; OneTrust; Google Fonts,Medium,Semi-Automated
https://www.dentsplysirona.com/en/discover/discover-by-brand/primeprint/primeprint-clinical-cases.html,https://www.dentsplysirona.com/en/discover/discover-by-brand/primeprint/primeprint-clinical-cases.html,no,200,Basic Content Page,"List, Search",Adobe DTM / Launch; Adobe Scene7 / Dynamic Media; SAP Hybris Commerce; Commerce GraphQL API; Coveo Search; reCAPTCHA; OneTrust; Google Fonts,Low,Automated
https://www.dentsplysirona.com/en/discover/discover-by-brand/primeprint/resources.html,https://www.dentsplysirona.com/en/discover/discover-by-brand/primeprint/resources.html,no,200,Brand / Product Page,"Carousel, Video, Embed, List, Search",Adobe DTM / Launch; Adobe Scene7 / Dynamic Media; SAP Hybris Commerce; Commerce GraphQL API; Coveo Search; reCAPTCHA; OneTrust; YouTube; Google Fonts,Medium,Semi-Automated
https://www.dentsplysirona.com/en/discover/discover-by-brand/primeprint/software-downloads.html,https://www.dentsplysirona.com/en/discover/discover-by-brand/primeprint/software-downloads.html,no,200,Brand / Product Page,"List, Search",Adobe DTM / Launch; Adobe Scene7 / Dynamic Media; SAP Hybris Commerce; Commerce GraphQL API; Coveo Search; reCAPTCHA; OneTrust; Google Fonts,Medium,Semi-Automated
https://www.dentsplysirona.com/en/discover/discover-by-brand/primescan.html,https://www.dentsplysirona.com/en/discover/discover-by-brand/primescan.html,no,200,Brand / Product Page,"Carousel, List, Search",Adobe DTM / Launch; Adobe Scene7 / Dynamic Media; SAP Hybris Commerce; Commerce GraphQL API; Coveo Search; reCAPTCHA; OneTrust; Google Fonts,Medium,Semi-Automated
https://www.dentsplysirona.com/en/discover/discover-by-brand/pureclave.html,https://www.dentsplysirona.com/en/discover/discover-by-brand/pureclave.html,no,200,Brand / Product Page,"Carousel, List, Search",Adobe DTM / Launch; Adobe Scene7 / Dynamic Media; SAP Hybris Commerce; Commerce GraphQL API; Coveo Search; reCAPTCHA; OneTrust; Google Fonts,Medium,Semi-Automated
https://www.dentsplysirona.com/en/discover/discover-by-brand/sdr-flow--.html,https://www.dentsplysirona.com/en/discover/discover-by-brand/sdr-flow--.html,no,200,Basic Content Page,"List, Search",Adobe DTM / Launch; Adobe Scene7 / Dynamic Media; SAP Hybris Commerce; Commerce GraphQL API; Coveo Search; reCAPTCHA; OneTrust; Google Fonts,Low,Automated
https://www.dentsplysirona.com/en/discover/discover-by-brand/sdr-flow-plus.html,https://www.dentsplysirona.com/en/discover/discover-by-brand/sdr-flow-plus.html,no,200,Basic Content Page,"Carousel, List, Search",Adobe DTM / Launch; Adobe Scene7 / Dynamic Media; SAP Hybris Commerce; Commerce GraphQL API; Coveo Search; reCAPTCHA; OneTrust; Google Fonts,Low,Automated
https://www.dentsplysirona.com/en/discover/discover-by-brand/sidexis-4.html,https://www.dentsplysirona.com/en/discover/discover-by-brand/sidexis-4.html,no,200,Brand / Product Page,"List, Search",Adobe DTM / Launch; Adobe Scene7 / Dynamic Media; SAP Hybris Commerce; Commerce GraphQL API; Coveo Search; reCAPTCHA; OneTrust; Google Fonts,Medium,Semi-Automated
https://www.dentsplysirona.com/en/discover/discover-by-brand/sidexis-4/downloads.html,https://www.dentsplysirona.com/en/discover/discover-by-brand/sidexis-4/downloads.html,no,200,Basic Content Page,"List, Search",Adobe DTM / Launch; Adobe Scene7 / Dynamic Media; SAP Hybris Commerce; Commerce GraphQL API; Coveo Search; reCAPTCHA; OneTrust; Google Fonts,Low,Automated
https://www.dentsplysirona.com/en/discover/discover-by-brand/simplant.html,https://www.dentsplysirona.com/en/discover/discover-by-brand/simplant.html,no,200,Brand / Product Page,"Carousel, List, Search",Adobe DTM / Launch; Adobe Scene7 / Dynamic Media; SAP Hybris Commerce; Commerce GraphQL API; Coveo Search; reCAPTCHA; OneTrust; Google Fonts,Medium,Semi-Automated
https://www.dentsplysirona.com/en/discover/discover-by-brand/sinius.html,https://www.dentsplysirona.com/en/discover/discover-by-brand/sinius.html,no,200,Brand / Product Page,"Carousel, List, Search",Adobe DTM / Launch; Adobe Scene7 / Dynamic Media; SAP Hybris Commerce; Commerce GraphQL API; Coveo Search; reCAPTCHA; OneTrust; Google Fonts,Medium,Semi-Automated
https://www.dentsplysirona.com/en/discover/discover-by-brand/siroseal.html,https://www.dentsplysirona.com/en/discover/discover-by-category/infection-control-systems.html,yes,200,Basic Content Page,"List, Search",Adobe DTM / Launch; Adobe Scene7 / Dynamic Media; SAP Hybris Commerce; Commerce GraphQL API; Coveo Search; reCAPTCHA; OneTrust; Google Fonts,Low,Automated
https://www.dentsplysirona.com/en/discover/discover-by-brand/smartlite-pro.html,https://www.dentsplysirona.com/en/discover/discover-by-brand/smartlite-pro.html,no,200,Brand / Product Page,"Carousel, Video, Embed, List, Search",Adobe DTM / Launch; Adobe Scene7 / Dynamic Media; SAP Hybris Commerce; Commerce GraphQL API; Coveo Search; reCAPTCHA; OneTrust; YouTube; Google Fonts,Medium,Semi-Automated
https://www.dentsplysirona.com/en/discover/discover-by-brand/sprayvit.html,https://www.dentsplysirona.com/en/discover/discover-by-brand/sprayvit.html,no,200,Brand / Product Page,"Carousel, List, Search",Adobe DTM / Launch; Adobe Scene7 / Dynamic Media; SAP Hybris Commerce; Commerce GraphQL API; Coveo Search; reCAPTCHA; OneTrust; Google Fonts,Medium,Semi-Automated
https://www.dentsplysirona.com/en/discover/discover-by-brand/suresmile-aligners.html,https://www.dentsplysirona.com/en/discover/discover-by-brand/suresmile-aligners.html,no,200,Brand / Product Page,"List, Search",Adobe DTM / Launch; Adobe Scene7 / Dynamic Media; SAP Hybris Commerce; Commerce GraphQL API; Coveo Search; reCAPTCHA; OneTrust; Google Fonts,Medium,Semi-Automated
https://www.dentsplysirona.com/en/discover/discover-by-brand/suresmile-aligners/become-a-provider.html,https://www.dentsplysirona.com/en/discover/discover-by-brand/suresmile-aligners/become-a-provider.html,no,200,Basic Content Page,"Video, List, Search",Adobe DTM / Launch; Adobe Scene7 / Dynamic Media; SAP Hybris Commerce; Commerce GraphQL API; Coveo Search; reCAPTCHA; OneTrust; Google Fonts,Low,Automated
https://www.dentsplysirona.com/en/discover/discover-by-brand/suresmile-aligners/cases-and-results.html,https://www.dentsplysirona.com/en/discover/discover-by-brand/suresmile-aligners/cases-and-results.html,no,200,Basic Content Page,"List, Search",Adobe DTM / Launch; Adobe Scene7 / Dynamic Media; SAP Hybris Commerce; Commerce GraphQL API; Coveo Search; reCAPTCHA; OneTrust; Google Fonts,Low,Automated
https://www.dentsplysirona.com/en/discover/discover-by-brand/suresmile-aligners/education-and-support.html,https://www.dentsplysirona.com/en/discover/discover-by-brand/suresmile-aligners/education-and-support.html,no,200,Basic Content Page,"List, Search",Adobe DTM / Launch; Adobe Scene7 / Dynamic Media; SAP Hybris Commerce; Commerce GraphQL API; Coveo Search; reCAPTCHA; OneTrust; Google Fonts,Low,Automated
https://www.dentsplysirona.com/en/discover/discover-by-brand/suresmile-aligners/suresmile-simulator.html,https://www.dentsplysirona.com/en/discover/discover-by-brand/suresmile-aligners/suresmile-simulator.html,no,200,Basic Content Page,"List, Search",Adobe DTM / Launch; Adobe Scene7 / Dynamic Media; SAP Hybris Commerce; Commerce GraphQL API; Coveo Search; reCAPTCHA; OneTrust; Google Fonts,Low,Automated
https://www.dentsplysirona.com/en/discover/discover-by-brand/suresmile-aligners/suresmile-system.html,https://www.dentsplysirona.com/en/discover/discover-by-brand/suresmile-aligners/suresmile-system.html,no,200,Basic Content Page,"List, Search",Adobe DTM / Launch; Adobe Scene7 / Dynamic Media; SAP Hybris Commerce; Commerce GraphQL API; Coveo Search; reCAPTCHA; OneTrust; Google Fonts,Low,Automated
https://www.dentsplysirona.com/en/discover/discover-by-brand/suresmile-aligners/value-of-suresmile.html,https://www.dentsplysirona.com/en/discover/discover-by-brand/suresmile-aligners/value-of-suresmile.html,no,200,Basic Content Page,"List, Search",Adobe DTM / Launch; Adobe Scene7 / Dynamic Media; SAP Hybris Commerce; Commerce GraphQL API; Coveo Search; reCAPTCHA; OneTrust; Google Fonts,Low,Automated
https://www.dentsplysirona.com/en/discover/discover-by-brand/symbios.html,https://www.dentsplysirona.com/en/discover/discover-by-brand/symbios.html,no,200,Brand / Product Page,"Carousel, List, Search",Adobe DTM / Launch; Adobe Scene7 / Dynamic Media; SAP Hybris Commerce; Commerce GraphQL API; Coveo Search; reCAPTCHA; OneTrust; Google Fonts,Medium,Semi-Automated
https://www.dentsplysirona.com/en/discover/discover-by-brand/vionex.html,https://www.dentsplysirona.com/en/discover/discover-by-brand/vionex.html,no,200,Brand / Product Page,"Carousel, Video, Embed, List, Search",Adobe DTM / Launch; Adobe Scene7 / Dynamic Media; SAP Hybris Commerce; Commerce GraphQL API; Coveo Search; reCAPTCHA; OneTrust; YouTube; Google Fonts,Medium,Semi-Automated
https://www.dentsplysirona.com/en/discover/discover-by-brand/x-smart-pro-plus.html,https://www.dentsplysirona.com/en/explore/endodontics/brands/x-smart-pro-plus.html,yes,200,Explore / Category Landing,"Hero, Teaser, Carousel, Accordion, Cards, Banner, Embed, List, Search",Adobe DTM / Launch; Adobe Scene7 / Dynamic Media; SAP Hybris Commerce; Commerce GraphQL API; Coveo Search; reCAPTCHA; OneTrust; Google Fonts,High,Manual
https://www.dentsplysirona.com/en/discover/discover-by-brand/x-smart-pro-plus/resources.html,https://www.dentsplysirona.com/en/discover/discover-by-brand/x-smart-pro-plus/resources.html,no,200,Basic Content Page,"Carousel, List, Search",Adobe DTM / Launch; Adobe Scene7 / Dynamic Media; SAP Hybris Commerce; Commerce GraphQL API; Coveo Search; reCAPTCHA; OneTrust; Google Fonts,Low,Automated
https://www.dentsplysirona.com/en/discover/discover-by-category.html,https://www.dentsplysirona.com/en/explore/all-categories.html,yes,200,Explore / Category Landing,"Hero, Embed, List, Search",Adobe DTM / Launch; Adobe Scene7 / Dynamic Media; SAP Hybris Commerce; Commerce GraphQL API; Coveo Search; reCAPTCHA; OneTrust; Google Fonts,High,Manual
https://www.dentsplysirona.com/en/discover/discover-by-category/cad-cam.html,https://www.dentsplysirona.com/en/discover/discover-by-category/cad-cam.html,no,200,Basic Content Page,"Carousel, List, Search",Adobe DTM / Launch; Adobe Scene7 / Dynamic Media; SAP Hybris Commerce; Commerce GraphQL API; Coveo Search; reCAPTCHA; OneTrust; Google Fonts,Low,Automated
https://www.dentsplysirona.com/en/discover/discover-by-category/cad-cam/cerec.html,https://www.dentsplysirona.com/en/explore/cad-cam/product-topics/cerec.html,yes,200,Explore / Category Landing,"Hero, Teaser, Carousel, Accordion, Step, Cards, Embed, List, Search",Adobe DTM / Launch; Adobe Scene7 / Dynamic Media; SAP Hybris Commerce; Commerce GraphQL API; Coveo Search; reCAPTCHA; OneTrust; Google Fonts,High,Manual
https://www.dentsplysirona.com/en/discover/discover-by-category/cad-cam/contact.html,https://www.dentsplysirona.com/en/discover/discover-by-category/cad-cam/contact.html,no,200,Basic Content Page,"List, Search",Adobe DTM / Launch; Adobe Scene7 / Dynamic Media; SAP Hybris Commerce; Commerce GraphQL API; Coveo Search; reCAPTCHA; OneTrust; Google Fonts,Low,Automated
https://www.dentsplysirona.com/en/discover/discover-by-category/cad-cam/downloads.html,https://www.dentsplysirona.com/en/discover/discover-by-category/cad-cam/downloads.html,no,200,Brand / Product Page,"List, Search",Adobe DTM / Launch; Adobe Scene7 / Dynamic Media; SAP Hybris Commerce; Commerce GraphQL API; Coveo Search; reCAPTCHA; OneTrust; Google Fonts,Medium,Semi-Automated
https://www.dentsplysirona.com/en/discover/discover-by-category/dental-lab.html,https://www.dentsplysirona.com/en/discover/discover-by-category/dental-lab.html,no,200,Basic Content Page,"Carousel, List, Search",Adobe DTM / Launch; Adobe Scene7 / Dynamic Media; SAP Hybris Commerce; Commerce GraphQL API; Coveo Search; reCAPTCHA; OneTrust; Google Fonts,Low,Automated
https://www.dentsplysirona.com/en/discover/discover-by-category/dental-lab/cad-cam-materials-for-dental-laboratories.html,https://www.dentsplysirona.com/en/discover/discover-by-category/dental-lab/cad-cam-materials-for-dental-laboratories.html,no,200,Brand / Product Page,"Carousel, List, Search",Adobe DTM / Launch; Adobe Scene7 / Dynamic Media; SAP Hybris Commerce; Commerce GraphQL API; Coveo Search; reCAPTCHA; OneTrust; Google Fonts,Medium,Semi-Automated
https://www.dentsplysirona.com/en/discover/discover-by-category/dental-lab/contact.html,https://www.dentsplysirona.com/en/discover/discover-by-category/dental-lab/contact.html,no,200,Basic Content Page,"List, Search",Adobe DTM / Launch; Adobe Scene7 / Dynamic Media; SAP Hybris Commerce; Commerce GraphQL API; Coveo Search; reCAPTCHA; OneTrust; Google Fonts,Low,Automated
https://www.dentsplysirona.com/en/discover/discover-by-category/dental-lab/digital-dentures/digital-mill-dentures.html,https://www.dentsplysirona.com/en/discover/discover-by-category/dental-lab/digital-dentures/digital-mill-dentures.html,no,200,Basic Content Page,"List, Search",Adobe DTM / Launch; Adobe Scene7 / Dynamic Media; SAP Hybris Commerce; Commerce GraphQL API; Coveo Search; reCAPTCHA; OneTrust; Google Fonts,Low,Automated
https://www.dentsplysirona.com/en/discover/discover-by-category/dental-lab/inlab-downloads.html,https://www.dentsplysirona.com/en/discover/discover-by-category/dental-lab/inlab-downloads.html,no,200,Basic Content Page,"List, Search",Adobe DTM / Launch; Adobe Scene7 / Dynamic Media; SAP Hybris Commerce; Commerce GraphQL API; Coveo Search; reCAPTCHA; OneTrust; Google Fonts,Low,Automated
https://www.dentsplysirona.com/en/discover/discover-by-category/endodontics.html,https://www.dentsplysirona.com/en/explore/endodontics.html,yes,200,Explore / Category Landing,"Hero, Teaser, Carousel, Cards, Embed, List, Search",Adobe DTM / Launch; Adobe Scene7 / Dynamic Media; SAP Hybris Commerce; Commerce GraphQL API; Coveo Search; reCAPTCHA; OneTrust; Google Fonts,High,Manual
https://www.dentsplysirona.com/en/discover/discover-by-category/endodontics/contact.html,https://www.dentsplysirona.com/en/explore/endodontics/contact.html,yes,200,Explore / Category Landing,"Hero, Embed, List, Search",Adobe DTM / Launch; Adobe Scene7 / Dynamic Media; SAP Hybris Commerce; Commerce GraphQL API; Coveo Search; reCAPTCHA; OneTrust; Google Fonts,High,Manual
https://www.dentsplysirona.com/en/discover/discover-by-category/endodontics/root-canal-cleaning.html,https://www.dentsplysirona.com/en/explore/endodontics/product-topics/root-canal-cleaning.html,yes,200,Explore / Category Landing,"Hero, Teaser, Carousel, Accordion, Step, Cards, Embed, List, Search",Adobe DTM / Launch; Adobe Scene7 / Dynamic Media; SAP Hybris Commerce; Commerce GraphQL API; Coveo Search; reCAPTCHA; OneTrust; Google Fonts,High,Manual
https://www.dentsplysirona.com/en/discover/discover-by-category/endodontics/root-canal-shaping.html,https://www.dentsplysirona.com/en/explore/endodontics/product-topics/root-canal-shaping.html,yes,200,Explore / Category Landing,"Hero, Teaser, Carousel, Accordion, Step, Cards, Embed, List, Search",Adobe DTM / Launch; Adobe Scene7 / Dynamic Media; SAP Hybris Commerce; Commerce GraphQL API; Coveo Search; reCAPTCHA; OneTrust; Google Fonts,High,Manual
https://www.dentsplysirona.com/en/discover/discover-by-category/imaging-systems.html,https://www.dentsplysirona.com/en/discover/discover-by-category/imaging-systems.html,no,200,Basic Content Page,"List, Search",Adobe DTM / Launch; Adobe Scene7 / Dynamic Media; SAP Hybris Commerce; Commerce GraphQL API; Coveo Search; reCAPTCHA; OneTrust; Google Fonts,Low,Automated
https://www.dentsplysirona.com/en/discover/discover-by-category/imaging-systems/contact.html,https://www.dentsplysirona.com/en/discover/discover-by-category/imaging-systems/contact.html,no,200,Basic Content Page,"List, Search",Adobe DTM / Launch; Adobe Scene7 / Dynamic Media; SAP Hybris Commerce; Commerce GraphQL API; Coveo Search; reCAPTCHA; OneTrust; Google Fonts,Low,Automated
https://www.dentsplysirona.com/en/discover/discover-by-category/imaging-systems/extraoral-imaging.html,https://www.dentsplysirona.com/en/discover/discover-by-category/imaging-systems/extraoral-imaging.html,no,200,Brand / Product Page,"List, Search",Adobe DTM / Launch; Adobe Scene7 / Dynamic Media; SAP Hybris Commerce; Commerce GraphQL API; Coveo Search; reCAPTCHA; OneTrust; Google Fonts,Medium,Semi-Automated
https://www.dentsplysirona.com/en/discover/discover-by-category/implant-dentistry.html,https://www.dentsplysirona.com/en/discover/discover-by-category/implant-dentistry.html,no,200,Basic Content Page,"List, Search",Adobe DTM / Launch; Adobe Scene7 / Dynamic Media; SAP Hybris Commerce; Commerce GraphQL API; Coveo Search; reCAPTCHA; OneTrust; Google Fonts,Low,Automated
https://www.dentsplysirona.com/en/discover/discover-by-category/implant-dentistry/bone-and-soft-tissue-regeneration.html,https://www.dentsplysirona.com/en/discover/discover-by-category/implant-dentistry/bone-and-soft-tissue-regeneration.html,no,200,Brand / Product Page,"List, Search",Adobe DTM / Launch; Adobe Scene7 / Dynamic Media; SAP Hybris Commerce; Commerce GraphQL API; Coveo Search; reCAPTCHA; OneTrust; Google Fonts,Medium,Semi-Automated
https://www.dentsplysirona.com/en/discover/discover-by-category/implant-dentistry/contact.html,https://www.dentsplysirona.com/en/discover/discover-by-category/implant-dentistry/contact.html,no,200,Basic Content Page,"List, Search",Adobe DTM / Launch; Adobe Scene7 / Dynamic Media; SAP Hybris Commerce; Commerce GraphQL API; Coveo Search; reCAPTCHA; OneTrust; Google Fonts,Low,Automated
https://www.dentsplysirona.com/en/discover/discover-by-category/implant-dentistry/ev-implant-family.html,https://www.dentsplysirona.com/en/discover/discover-by-category/implant-dentistry/ev-implant-family.html,no,200,Basic Content Page,"List, Search",Adobe DTM / Launch; Adobe Scene7 / Dynamic Media; SAP Hybris Commerce; Commerce GraphQL API; Coveo Search; reCAPTCHA; OneTrust; Google Fonts,Low,Automated
https://www.dentsplysirona.com/en/discover/discover-by-category/implant-dentistry/ev-prosthetics.html,https://www.dentsplysirona.com/en/discover/discover-by-category/implant-dentistry/ev-prosthetics.html,no,200,Brand / Product Page,"List, Search",Adobe DTM / Launch; Adobe Scene7 / Dynamic Media; SAP Hybris Commerce; Commerce GraphQL API; Coveo Search; reCAPTCHA; OneTrust; Google Fonts,Medium,Semi-Automated
https://www.dentsplysirona.com/en/discover/discover-by-category/implant-dentistry/implant-systems.html,https://www.dentsplysirona.com/en/discover/discover-by-category/implant-dentistry/implant-systems.html,no,200,Brand / Product Page,"List, Search",Adobe DTM / Launch; Adobe Scene7 / Dynamic Media; SAP Hybris Commerce; Commerce GraphQL API; Coveo Search; reCAPTCHA; OneTrust; Google Fonts,Medium,Semi-Automated
https://www.dentsplysirona.com/en/discover/discover-by-category/infection-control-systems.html,https://www.dentsplysirona.com/en/discover/discover-by-category/infection-control-systems.html,no,200,Basic Content Page,"List, Search",Adobe DTM / Launch; Adobe Scene7 / Dynamic Media; SAP Hybris Commerce; Commerce GraphQL API; Coveo Search; reCAPTCHA; OneTrust; Google Fonts,Low,Automated
https://www.dentsplysirona.com/en/discover/discover-by-category/infection-control-systems/contact.html,https://www.dentsplysirona.com/en/discover/discover-by-category/infection-control-systems/contact.html,no,200,Basic Content Page,"List, Search",Adobe DTM / Launch; Adobe Scene7 / Dynamic Media; SAP Hybris Commerce; Commerce GraphQL API; Coveo Search; reCAPTCHA; OneTrust; Google Fonts,Low,Automated
https://www.dentsplysirona.com/en/discover/discover-by-category/instruments/electric-handpieces.html,https://www.dentsplysirona.com/en/discover/discover-by-category/instruments/electric-handpieces.html,no,200,Brand / Product Page,"Carousel, List, Search",Adobe DTM / Launch; Adobe Scene7 / Dynamic Media; SAP Hybris Commerce; Commerce GraphQL API; Coveo Search; reCAPTCHA; OneTrust; Google Fonts,Medium,Semi-Automated
https://www.dentsplysirona.com/en/discover/discover-by-category/instruments/software-downloads.html,https://www.dentsplysirona.com/en/discover/discover-by-category/instruments/software-downloads.html,no,200,Brand / Product Page,"List, Search",Adobe DTM / Launch; Adobe Scene7 / Dynamic Media; SAP Hybris Commerce; Commerce GraphQL API; Coveo Search; reCAPTCHA; OneTrust; Google Fonts,Medium,Semi-Automated
https://www.dentsplysirona.com/en/discover/discover-by-category/instruments/turbines.html,https://www.dentsplysirona.com/en/discover/discover-by-category/instruments/turbines.html,no,200,Brand / Product Page,"Carousel, Video, Embed, List, Search",Adobe DTM / Launch; Adobe Scene7 / Dynamic Media; SAP Hybris Commerce; Commerce GraphQL API; Coveo Search; reCAPTCHA; OneTrust; YouTube; Google Fonts,Medium,Semi-Automated
https://www.dentsplysirona.com/en/discover/discover-by-category/intraoral-scanners.html,https://www.dentsplysirona.com/en/discover/discover-by-category/intraoral-scanners.html,no,200,Basic Content Page,"Carousel, List, Search",Adobe DTM / Launch; Adobe Scene7 / Dynamic Media; SAP Hybris Commerce; Commerce GraphQL API; Coveo Search; reCAPTCHA; OneTrust; Google Fonts,Low,Automated
https://www.dentsplysirona.com/en/discover/discover-by-category/intraoral-scanners/downloads.html,https://www.dentsplysirona.com/en/discover/discover-by-category/intraoral-scanners/downloads.html,no,200,Brand / Product Page,"List, Search",Adobe DTM / Launch; Adobe Scene7 / Dynamic Media; SAP Hybris Commerce; Commerce GraphQL API; Coveo Search; reCAPTCHA; OneTrust; Google Fonts,Medium,Semi-Automated
https://www.dentsplysirona.com/en/discover/discover-by-category/intraoral-scanners/resources.html,https://www.dentsplysirona.com/en/discover/discover-by-category/intraoral-scanners/resources.html,no,200,Basic Content Page,"List, Search",Adobe DTM / Launch; Adobe Scene7 / Dynamic Media; SAP Hybris Commerce; Commerce GraphQL API; Coveo Search; reCAPTCHA; OneTrust; Google Fonts,Low,Automated
https://www.dentsplysirona.com/en/discover/discover-by-category/orthodontics.html,https://www.dentsplysirona.com/en/discover/discover-by-category/orthodontics.html,no,200,Basic Content Page,"Carousel, List, Search",Adobe DTM / Launch; Adobe Scene7 / Dynamic Media; SAP Hybris Commerce; Commerce GraphQL API; Coveo Search; reCAPTCHA; OneTrust; Google Fonts,Low,Automated
https://www.dentsplysirona.com/en/discover/discover-by-category/orthodontics/appliance-fabrication.html,https://www.dentsplysirona.com/en/discover/discover-by-category/orthodontics/appliance-fabrication.html,no,200,Brand / Product Page,"Carousel, List, Search",Adobe DTM / Launch; Adobe Scene7 / Dynamic Media; SAP Hybris Commerce; Commerce GraphQL API; Coveo Search; reCAPTCHA; OneTrust; Google Fonts,Medium,Semi-Automated
https://www.dentsplysirona.com/en/discover/discover-by-category/orthodontics/contact.html,https://www.dentsplysirona.com/en/discover/discover-by-category/orthodontics/contact.html,no,200,Basic Content Page,"List, Search",Adobe DTM / Launch; Adobe Scene7 / Dynamic Media; SAP Hybris Commerce; Commerce GraphQL API; Coveo Search; reCAPTCHA; OneTrust; Google Fonts,Low,Automated
https://www.dentsplysirona.com/en/discover/discover-by-category/orthodontics/interproximal-reduction.html,https://www.dentsplysirona.com/en/discover/discover-by-category/orthodontics/interproximal-reduction.html,no,200,Brand / Product Page,"Carousel, List, Search",Adobe DTM / Launch; Adobe Scene7 / Dynamic Media; SAP Hybris Commerce; Commerce GraphQL API; Coveo Search; reCAPTCHA; OneTrust; Google Fonts,Medium,Semi-Automated
https://www.dentsplysirona.com/en/discover/discover-by-category/orthodontics/patient-care-and-records.html,https://www.dentsplysirona.com/en/discover/discover-by-category/orthodontics/patient-care-and-records.html,no,200,Brand / Product Page,"Carousel, List, Search",Adobe DTM / Launch; Adobe Scene7 / Dynamic Media; SAP Hybris Commerce; Commerce GraphQL API; Coveo Search; reCAPTCHA; OneTrust; Google Fonts,Medium,Semi-Automated
https://www.dentsplysirona.com/en/discover/discover-by-category/restorative.html,https://www.dentsplysirona.com/en/explore/restorative.html,yes,200,Explore / Category Landing,"Hero, Teaser, Carousel, Accordion, Step, Cards, Embed, List, Search",Adobe DTM / Launch; Adobe Scene7 / Dynamic Media; SAP Hybris Commerce; Commerce GraphQL API; Coveo Search; reCAPTCHA; OneTrust; Google Fonts,High,Manual
https://www.dentsplysirona.com/en/discover/discover-by-category/restorative/cad-cam-materials-for-the-dental-practice.html,https://www.dentsplysirona.com/en/discover/discover-by-category/restorative/cad-cam-materials-for-the-dental-practice.html,no,200,Brand / Product Page,"List, Search",Adobe DTM / Launch; Adobe Scene7 / Dynamic Media; SAP Hybris Commerce; Commerce GraphQL API; Coveo Search; reCAPTCHA; OneTrust; Google Fonts,Medium,Semi-Automated
https://www.dentsplysirona.com/en/discover/discover-by-category/restorative/contact.html,https://www.dentsplysirona.com/en/explore/restorative/contact.html,yes,200,Explore / Category Landing,"Hero, Embed, List, Search",Adobe DTM / Launch; Adobe Scene7 / Dynamic Media; SAP Hybris Commerce; Commerce GraphQL API; Coveo Search; reCAPTCHA; OneTrust; Google Fonts,High,Manual
https://www.dentsplysirona.com/en/discover/discover-by-category/treatment-centers.html,https://www.dentsplysirona.com/en/discover/discover-by-category/treatment-centers.html,no,200,Basic Content Page,"Carousel, List, Search",Adobe DTM / Launch; Adobe Scene7 / Dynamic Media; SAP Hybris Commerce; Commerce GraphQL API; Coveo Search; reCAPTCHA; OneTrust; Google Fonts,Low,Automated
https://www.dentsplysirona.com/en/discover/discover-by-category/treatment-centers/contact.html,https://www.dentsplysirona.com/en/discover/discover-by-category/treatment-centers/contact.html,no,200,Basic Content Page,"List, Search",Adobe DTM / Launch; Adobe Scene7 / Dynamic Media; SAP Hybris Commerce; Commerce GraphQL API; Coveo Search; reCAPTCHA; OneTrust; Google Fonts,Low,Automated
https://www.dentsplysirona.com/en/discover/discover-by-category/treatment-centers/dental-chairs.html,https://www.dentsplysirona.com/en/discover/discover-by-category/treatment-centers/dental-chairs.html,no,200,Brand / Product Page,"List, Search",Adobe DTM / Launch; Adobe Scene7 / Dynamic Media; SAP Hybris Commerce; Commerce GraphQL API; Coveo Search; reCAPTCHA; OneTrust; Google Fonts,Medium,Semi-Automated
https://www.dentsplysirona.com/en/discover/discover-by-category/treatment-centers/dental-operating-lights.html,https://www.dentsplysirona.com/en/discover/discover-by-category/treatment-centers/dental-operating-lights.html,no,200,Brand / Product Page,"Carousel, List, Search",Adobe DTM / Launch; Adobe Scene7 / Dynamic Media; SAP Hybris Commerce; Commerce GraphQL API; Coveo Search; reCAPTCHA; OneTrust; Google Fonts,Medium,Semi-Automated
https://www.dentsplysirona.com/en/discover/discover-by-category/treatment-centers/working-stools.html,https://www.dentsplysirona.com/en/discover/discover-by-category/treatment-centers/working-stools.html,no,200,Brand / Product Page,"Carousel, List, Search",Adobe DTM / Launch; Adobe Scene7 / Dynamic Media; SAP Hybris Commerce; Commerce GraphQL API; Coveo Search; reCAPTCHA; OneTrust; Google Fonts,Medium,Semi-Automated
https://www.dentsplysirona.com/en/discover/discover-by-procedure.html,https://www.dentsplysirona.com/en/explore,yes,200,Explore / Category Landing,"Hero, Teaser, Carousel, Cards, Embed, List, Search",Adobe DTM / Launch; Adobe Scene7 / Dynamic Media; SAP Hybris Commerce; Commerce GraphQL API; Coveo Search; reCAPTCHA; OneTrust; Google Fonts,High,Manual
https://www.dentsplysirona.com/en/discover/discover-by-procedure/class-II-restorative-solution.html,https://www.dentsplysirona.com/en/discover/discover-by-procedure/class-II-restorative-solution.html,no,200,Basic Content Page,"Carousel, List, Search",Adobe DTM / Launch; Adobe Scene7 / Dynamic Media; SAP Hybris Commerce; Commerce GraphQL API; Coveo Search; reCAPTCHA; OneTrust; Google Fonts,Low,Automated
https://www.dentsplysirona.com/en/discover/discover-by-procedure/class-II-restorative-solution/class-ii-clinical-cases.html,https://www.dentsplysirona.com/en/discover/discover-by-procedure/class-II-restorative-solution/class-ii-clinical-cases.html,no,200,Basic Content Page,"Carousel, List, Search",Adobe DTM / Launch; Adobe Scene7 / Dynamic Media; SAP Hybris Commerce; Commerce GraphQL API; Coveo Search; reCAPTCHA; OneTrust; Google Fonts,Low,Automated
https://www.dentsplysirona.com/en/discover/discover-by-procedure/digital-implant-dentistry.html,https://www.dentsplysirona.com/en/discover/discover-by-procedure/digital-implant-dentistry.html,no,200,Basic Content Page,"Carousel, Video, Embed, List, Search",Adobe DTM / Launch; Adobe Scene7 / Dynamic Media; SAP Hybris Commerce; Commerce GraphQL API; Coveo Search; reCAPTCHA; OneTrust; YouTube; Google Fonts,Low,Automated
https://www.dentsplysirona.com/en/discover/discover-by-procedure/digital-mill-denture-workflow.html,https://www.dentsplysirona.com/en/discover/discover-by-procedure/digital-mill-denture-workflow.html,no,200,Basic Content Page,"List, Search",Adobe DTM / Launch; Adobe Scene7 / Dynamic Media; SAP Hybris Commerce; Commerce GraphQL API; Coveo Search; reCAPTCHA; OneTrust; Google Fonts,Low,Automated
https://www.dentsplysirona.com/en/discover/discover-by-procedure/digital-orthodontics.html,https://www.dentsplysirona.com/en/discover/discover-by-procedure/digital-orthodontics.html,no,200,Basic Content Page,"List, Search",Adobe DTM / Launch; Adobe Scene7 / Dynamic Media; SAP Hybris Commerce; Commerce GraphQL API; Coveo Search; reCAPTCHA; OneTrust; Google Fonts,Low,Automated
https://www.dentsplysirona.com/en/discover/discover-by-procedure/implant-dentistry-with-cerec.html,https://www.dentsplysirona.com/en/discover/discover-by-procedure/implant-dentistry-with-cerec.html,no,200,Brand / Product Page,"List, Search",Adobe DTM / Launch; Adobe Scene7 / Dynamic Media; SAP Hybris Commerce; Commerce GraphQL API; Coveo Search; reCAPTCHA; OneTrust; Google Fonts,Medium,Semi-Automated
https://www.dentsplysirona.com/en/discover/discover-by-procedure/lucitone-digital-print-denture-workflow.html,https://www.dentsplysirona.com/en/discover/discover-by-procedure/lucitone-digital-print-denture-workflow.html,no,200,Basic Content Page,"List, Search",Adobe DTM / Launch; Adobe Scene7 / Dynamic Media; SAP Hybris Commerce; Commerce GraphQL API; Coveo Search; reCAPTCHA; OneTrust; Google Fonts,Low,Automated
https://www.dentsplysirona.com/en/discover/discover-by-procedure/trios-meets-prime.html,https://www.dentsplysirona.com/en/discover/discover-by-procedure/trios-meets-prime.html,no,200,Basic Content Page,"Carousel, List, Search",Adobe DTM / Launch; Adobe Scene7 / Dynamic Media; SAP Hybris Commerce; Commerce GraphQL API; Coveo Search; reCAPTCHA; OneTrust; Google Fonts,Low,Automated
https://www.dentsplysirona.com/en/discover/discover-by-topic.html,https://www.dentsplysirona.com/en/explore,yes,200,Explore / Category Landing,"Hero, Teaser, Carousel, Cards, Embed, List, Search",Adobe DTM / Launch; Adobe Scene7 / Dynamic Media; SAP Hybris Commerce; Commerce GraphQL API; Coveo Search; reCAPTCHA; OneTrust; Google Fonts,High,Manual
https://www.dentsplysirona.com/en/discover/discover-by-topic/by-category/cad-cam/inhouse-manufacturing-solutions.html,https://www.dentsplysirona.com/en/explore/digital-dentistry/product-topics/inhouse-manufacturing-solutions.html,yes,200,Explore / Category Landing,"Hero, Teaser, Carousel, Accordion, Step, Cards, Embed, List, Search",Adobe DTM / Launch; Adobe Scene7 / Dynamic Media; SAP Hybris Commerce; Commerce GraphQL API; Coveo Search; reCAPTCHA; OneTrust; Google Fonts,High,Manual
https://www.dentsplysirona.com/en/discover/discover-by-topic/by-category/cerec/cerec-club.html,https://www.dentsplysirona.com/en/discover/discover-by-topic/by-category/cerec/cerec-club.html,no,200,Basic Content Page,"List, Search",Adobe DTM / Launch; Adobe Scene7 / Dynamic Media; SAP Hybris Commerce; Commerce GraphQL API; Coveo Search; reCAPTCHA; OneTrust; Google Fonts,Low,Automated
https://www.dentsplysirona.com/en/discover/discover-by-topic/by-category/cerec/cerec-integration.html,https://www.dentsplysirona.com/en/discover/discover-by-topic/by-category/cerec/cerec-integration.html,no,200,Basic Content Page,"Video, Embed, List, Search",Adobe DTM / Launch; Adobe Scene7 / Dynamic Media; SAP Hybris Commerce; Commerce GraphQL API; Coveo Search; reCAPTCHA; OneTrust; YouTube; Google Fonts,Low,Automated
https://www.dentsplysirona.com/en/discover/discover-by-topic/by-category/digital-dentistry.html,https://www.dentsplysirona.com/en/discover/discover-by-topic/by-category/digital-dentistry.html,no,200,Basic Content Page,"Carousel, List, Search",Adobe DTM / Launch; Adobe Scene7 / Dynamic Media; SAP Hybris Commerce; Commerce GraphQL API; Coveo Search; reCAPTCHA; OneTrust; Google Fonts,Low,Automated
https://www.dentsplysirona.com/en/discover/discover-by-topic/by-category/digital-dentistry/connect-case-center-to-ds-core.html,https://www.dentsplysirona.com/en/discover/discover-by-topic/by-category/digital-dentistry/connect-case-center-to-ds-core.html,no,200,Basic Content Page,"List, Search",Adobe DTM / Launch; Adobe Scene7 / Dynamic Media; SAP Hybris Commerce; Commerce GraphQL API; Coveo Search; reCAPTCHA; OneTrust; Google Fonts,Low,Automated
https://www.dentsplysirona.com/en/discover/discover-by-topic/by-category/digital-dentistry/what-is-new-on-ds-core.html,https://www.dentsplysirona.com/en/discover/discover-by-topic/by-category/digital-dentistry/what-is-new-on-ds-core.html,no,200,Article / Editorial Detail,"List, Search",Adobe DTM / Launch; Adobe Scene7 / Dynamic Media; SAP Hybris Commerce; Commerce GraphQL API; Coveo Search; reCAPTCHA; OneTrust; Google Fonts,Low,Automated
https://www.dentsplysirona.com/en/discover/discover-by-topic/by-category/imaging/exceptional-experience-imaging.html,https://www.dentsplysirona.com/en/discover/discover-by-topic/by-category/imaging/exceptional-experience-imaging.html,no,200,Basic Content Page,"Carousel, Video, Embed, List, Search",Adobe DTM / Launch; Adobe Scene7 / Dynamic Media; SAP Hybris Commerce; Commerce GraphQL API; Coveo Search; reCAPTCHA; OneTrust; YouTube; Google Fonts,Low,Automated
https://www.dentsplysirona.com/en/discover/discover-by-topic/by-category/implant-dentistry/atlantis.html,https://www.dentsplysirona.com/en/discover/discover-by-brand/atlantis.html,yes,200,Basic Content Page,"Carousel, Tabs, Video, Embed, List, Search",Adobe DTM / Launch; Adobe Scene7 / Dynamic Media; SAP Hybris Commerce; Commerce GraphQL API; Coveo Search; reCAPTCHA; OneTrust; YouTube; Google Fonts,Low,Automated
https://www.dentsplysirona.com/en/discover/discover-by-topic/by-category/implant-dentistry/implants-warranty.html,https://www.dentsplysirona.com/en/discover/discover-by-topic/by-category/implant-dentistry/implants-warranty.html,no,200,Basic Content Page,"Carousel, List, Search",Adobe DTM / Launch; Adobe Scene7 / Dynamic Media; SAP Hybris Commerce; Commerce GraphQL API; Coveo Search; reCAPTCHA; OneTrust; Google Fonts,Low,Automated
https://www.dentsplysirona.com/en/discover/discover-by-topic/by-category/restorative/class-II-depth-of-cure.html,https://www.dentsplysirona.com/en/discover/discover-by-topic/by-category/restorative/class-II-depth-of-cure.html,no,200,Article / Editorial Detail,"List, Search",Adobe DTM / Launch; Adobe Scene7 / Dynamic Media; SAP Hybris Commerce; Commerce GraphQL API; Coveo Search; reCAPTCHA; OneTrust; Google Fonts,Low,Automated
https://www.dentsplysirona.com/en/discover/discover-by-topic/by-category/restorative/class-II-shade-matching-ceram-x-spectra-st.html,https://www.dentsplysirona.com/en/discover/discover-by-topic/by-category/restorative/class-II-shade-matching-ceram-x-spectra-st.html,no,200,Article / Editorial Detail,"List, Search",Adobe DTM / Launch; Adobe Scene7 / Dynamic Media; SAP Hybris Commerce; Commerce GraphQL API; Coveo Search; reCAPTCHA; OneTrust; Google Fonts,Low,Automated
https://www.dentsplysirona.com/en/discover/discover-by-topic/by-category/restorative/contact-creation-palodent-v3.html,https://www.dentsplysirona.com/en/discover/discover-by-topic/by-category/restorative/contact-creation-palodent-v3.html,no,200,Article / Editorial Detail,"List, Search",Adobe DTM / Launch; Adobe Scene7 / Dynamic Media; SAP Hybris Commerce; Commerce GraphQL API; Coveo Search; reCAPTCHA; OneTrust; Google Fonts,Low,Automated
https://www.dentsplysirona.com/en/discover/discover-by-topic/by-category/restorative/direct-post-endo-restorations-with-tight-seal.html,https://www.dentsplysirona.com/en/discover/discover-by-topic/by-category/restorative/direct-post-endo-restorations-with-tight-seal.html,no,200,Article / Editorial Detail,"Carousel, Video, List, Search",Adobe DTM / Launch; Adobe Scene7 / Dynamic Media; SAP Hybris Commerce; Commerce GraphQL API; Coveo Search; reCAPTCHA; OneTrust; Google Fonts,Low,Automated
https://www.dentsplysirona.com/en/discover/discover-by-topic/by-category/restorative/game-changer-posterior-restorations.html,https://www.dentsplysirona.com/en/discover/discover-by-topic/by-category/restorative/game-changer-posterior-restorations.html,no,200,Article / Editorial Detail,"List, Search",Adobe DTM / Launch; Adobe Scene7 / Dynamic Media; SAP Hybris Commerce; Commerce GraphQL API; Coveo Search; reCAPTCHA; OneTrust; Google Fonts,Low,Automated
https://www.dentsplysirona.com/en/discover/discover-by-topic/by-category/restorative/microleakage.html,https://www.dentsplysirona.com/en/discover/discover-by-topic/by-category/restorative/microleakage.html,no,200,Basic Content Page,"Carousel, List, Search",Adobe DTM / Launch; Adobe Scene7 / Dynamic Media; SAP Hybris Commerce; Commerce GraphQL API; Coveo Search; reCAPTCHA; OneTrust; Google Fonts,Low,Automated
https://www.dentsplysirona.com/en/discover/discover-by-topic/by-category/restorative/recurrent-caries-causes.html,https://www.dentsplysirona.com/en/discover/discover-by-topic/by-category/restorative/recurrent-caries-causes.html,no,200,Basic Content Page,"Carousel, List, Search",Adobe DTM / Launch; Adobe Scene7 / Dynamic Media; SAP Hybris Commerce; Commerce GraphQL API; Coveo Search; reCAPTCHA; OneTrust; Google Fonts,Low,Automated
https://www.dentsplysirona.com/en/discover/discover-by-topic/by-category/restorative/sensitivity-in-composite-restorations.html,https://www.dentsplysirona.com/en/discover/discover-by-topic/by-category/restorative/sensitivity-in-composite-restorations.html,no,200,Brand / Product Page,"Carousel, List, Search",Adobe DTM / Launch; Adobe Scene7 / Dynamic Media; SAP Hybris Commerce; Commerce GraphQL API; Coveo Search; reCAPTCHA; OneTrust; Google Fonts,Medium,Semi-Automated
https://www.dentsplysirona.com/en/discover/discover-by-topic/by-category/restorative/tooth-isolation.html,https://www.dentsplysirona.com/en/discover/discover-by-topic/by-category/restorative/tooth-isolation.html,no,200,Basic Content Page,"List, Search",Adobe DTM / Launch; Adobe Scene7 / Dynamic Media; SAP Hybris Commerce; Commerce GraphQL API; Coveo Search; reCAPTCHA; OneTrust; Google Fonts,Low,Automated
https://www.dentsplysirona.com/en/discover/discover-by-topic/by-category/treatment-centers/dental-chair-design.html,https://www.dentsplysirona.com/en/discover/discover-by-topic/by-category/treatment-centers/dental-chair-design.html,no,200,Brand / Product Page,"Carousel, List, Search",Adobe DTM / Launch; Adobe Scene7 / Dynamic Media; SAP Hybris Commerce; Commerce GraphQL API; Coveo Search; reCAPTCHA; OneTrust; Google Fonts,Medium,Semi-Automated
https://www.dentsplysirona.com/en/discover/discover-by-topic/by-category/treatment-centers/digitally-connected-treatment-centers.html,https://www.dentsplysirona.com/en/discover/discover-by-topic/by-category/treatment-centers/digitally-connected-treatment-centers.html,no,200,Brand / Product Page,"Carousel, Video, Embed, List, Search",Adobe DTM / Launch; Adobe Scene7 / Dynamic Media; SAP Hybris Commerce; Commerce GraphQL API; Coveo Search; reCAPTCHA; OneTrust; YouTube; Google Fonts,Medium,Semi-Automated
https://www.dentsplysirona.com/en/discover/discover-by-topic/by-category/treatment-centers/ergonomics.html,https://www.dentsplysirona.com/en/discover/discover-by-topic/by-category/treatment-centers/ergonomics.html,no,200,Basic Content Page,"Carousel, List, Search",Adobe DTM / Launch; Adobe Scene7 / Dynamic Media; SAP Hybris Commerce; Commerce GraphQL API; Coveo Search; reCAPTCHA; OneTrust; Google Fonts,Low,Automated
https://www.dentsplysirona.com/en/discover/discover-by-topic/by-category/treatment-centers/infection-prevention-for-treatment-centers-.html,https://www.dentsplysirona.com/en/discover/discover-by-topic/by-category/treatment-centers/infection-prevention-for-treatment-centers-.html,no,200,Basic Content Page,"Carousel, Tabs, Video, Embed, List, Search",Adobe DTM / Launch; Adobe Scene7 / Dynamic Media; SAP Hybris Commerce; Commerce GraphQL API; Coveo Search; reCAPTCHA; OneTrust; YouTube; Google Fonts,Low,Automated
https://www.dentsplysirona.com/en/discover/discover-by-topic/by-category/treatment-centers/quality-beyond-reliability.html,https://www.dentsplysirona.com/en/discover/discover-by-topic/by-category/treatment-centers/quality-beyond-reliability.html,no,200,Brand / Product Page,"Carousel, Video, Embed, List, Search",Adobe DTM / Launch; Adobe Scene7 / Dynamic Media; SAP Hybris Commerce; Commerce GraphQL API; Coveo Search; reCAPTCHA; OneTrust; YouTube; Google Fonts,Medium,Semi-Automated
https://www.dentsplysirona.com/en/discover/discover-by-topic/resources/ds-dental-cements-guide.html,https://www.dentsplysirona.com/en/discover/discover-by-topic/resources/ds-dental-cements-guide.html,no,200,Basic Content Page,"Carousel, List, Search",Adobe DTM / Launch; Adobe Scene7 / Dynamic Media; SAP Hybris Commerce; Commerce GraphQL API; Coveo Search; reCAPTCHA; OneTrust; Google Fonts,Low,Automated
https://www.dentsplysirona.com/en/explore.html,https://www.dentsplysirona.com/en/explore,yes,200,Explore / Category Landing,"Hero, Teaser, Carousel, Cards, Embed, List, Search",Adobe DTM / Launch; Adobe Scene7 / Dynamic Media; SAP Hybris Commerce; Commerce GraphQL API; Coveo Search; reCAPTCHA; OneTrust; Google Fonts,High,Manual
https://www.dentsplysirona.com/en/explore/all-brands.html,https://www.dentsplysirona.com/en/explore/all-brands.html,no,200,Explore / Category Landing,"Hero, Embed, List, Search",Adobe DTM / Launch; Adobe Scene7 / Dynamic Media; SAP Hybris Commerce; Commerce GraphQL API; Coveo Search; reCAPTCHA; OneTrust; Google Fonts,High,Manual
https://www.dentsplysirona.com/en/explore/all-categories.html,https://www.dentsplysirona.com/en/explore/all-categories.html,no,200,Explore / Category Landing,"Hero, Embed, List, Search",Adobe DTM / Launch; Adobe Scene7 / Dynamic Media; SAP Hybris Commerce; Commerce GraphQL API; Coveo Search; reCAPTCHA; OneTrust; Google Fonts,High,Manual
https://www.dentsplysirona.com/en/explore/cad-cam.html,https://www.dentsplysirona.com/en/discover/discover-by-category/cad-cam.html,yes,200,Basic Content Page,"Carousel, List, Search",Adobe DTM / Launch; Adobe Scene7 / Dynamic Media; SAP Hybris Commerce; Commerce GraphQL API; Coveo Search; reCAPTCHA; OneTrust; Google Fonts,Low,Automated
https://www.dentsplysirona.com/en/explore/cad-cam/brands/cerec-primemill.html,https://www.dentsplysirona.com/en/discover/discover-by-brand/cerec-primemill.html,yes,200,Brand / Product Page,"Carousel, List, Search",Adobe DTM / Launch; Adobe Scene7 / Dynamic Media; SAP Hybris Commerce; Commerce GraphQL API; Coveo Search; reCAPTCHA; OneTrust; Google Fonts,Medium,Semi-Automated
https://www.dentsplysirona.com/en/explore/cad-cam/brands/cerec-speedfire.html,https://www.dentsplysirona.com/en/discover/discover-by-brand/cerec-speedfire.html,yes,200,Brand / Product Page,"Carousel, List, Search",Adobe DTM / Launch; Adobe Scene7 / Dynamic Media; SAP Hybris Commerce; Commerce GraphQL API; Coveo Search; reCAPTCHA; OneTrust; Google Fonts,Medium,Semi-Automated
https://www.dentsplysirona.com/en/explore/cad-cam/brands/other/cerec-software.html,https://www.dentsplysirona.com/en/discover/discover-by-brand/cerec-software.html,yes,200,Brand / Product Page,"Carousel, List, Search",Adobe DTM / Launch; Adobe Scene7 / Dynamic Media; SAP Hybris Commerce; Commerce GraphQL API; Coveo Search; reCAPTCHA; OneTrust; Google Fonts,Medium,Semi-Automated
https://www.dentsplysirona.com/en/explore/cad-cam/brands/other/connect-software.html,https://www.dentsplysirona.com/en/explore/digital-dentistry/brands/ds-core.html,yes,200,Explore / Category Landing,"Hero, Teaser, Carousel, Accordion, Step, Cards, Banner, Embed, List, Search",Adobe DTM / Launch; Adobe Scene7 / Dynamic Media; SAP Hybris Commerce; Commerce GraphQL API; Coveo Search; reCAPTCHA; OneTrust; Google Fonts,High,Manual
https://www.dentsplysirona.com/en/explore/cad-cam/brands/other/prepcheck.html,https://www.dentsplysirona.com/en/discover/discover-by-brand/prepcheck.html,yes,200,Brand / Product Page,"Carousel, Video, Embed, List, Search",Adobe DTM / Launch; Adobe Scene7 / Dynamic Media; SAP Hybris Commerce; Commerce GraphQL API; Coveo Search; reCAPTCHA; OneTrust; YouTube; Google Fonts,Medium,Semi-Automated
https://www.dentsplysirona.com/en/explore/cad-cam/brands/primeprint.html,https://www.dentsplysirona.com/en/discover/discover-by-brand/primeprint.html,yes,200,Brand / Product Page,"Carousel, Video, Embed, List, Search",Adobe DTM / Launch; Adobe Scene7 / Dynamic Media; SAP Hybris Commerce; Commerce GraphQL API; Coveo Search; reCAPTCHA; OneTrust; YouTube; Google Fonts,Medium,Semi-Automated
https://www.dentsplysirona.com/en/explore/cad-cam/contact.html,https://www.dentsplysirona.com/en/discover/discover-by-category/cad-cam/contact.html,yes,200,Basic Content Page,"List, Search",Adobe DTM / Launch; Adobe Scene7 / Dynamic Media; SAP Hybris Commerce; Commerce GraphQL API; Coveo Search; reCAPTCHA; OneTrust; Google Fonts,Low,Automated
https://www.dentsplysirona.com/en/explore/cad-cam/product-topics/cerec-milling-units.html,https://www.dentsplysirona.com/en/explore/cad-cam/product-topics/cerec-milling-units.html,no,200,Explore / Category Landing,"Hero, Teaser, Carousel, Accordion, Step, Cards, Embed, List, Search",Adobe DTM / Launch; Adobe Scene7 / Dynamic Media; SAP Hybris Commerce; Commerce GraphQL API; Coveo Search; reCAPTCHA; OneTrust; Google Fonts,High,Manual
https://www.dentsplysirona.com/en/explore/cad-cam/product-topics/cerec.html,https://www.dentsplysirona.com/en/explore/cad-cam/product-topics/cerec.html,no,200,Explore / Category Landing,"Hero, Teaser, Carousel, Accordion, Step, Cards, Embed, List, Search",Adobe DTM / Launch; Adobe Scene7 / Dynamic Media; SAP Hybris Commerce; Commerce GraphQL API; Coveo Search; reCAPTCHA; OneTrust; Google Fonts,High,Manual
https://www.dentsplysirona.com/en/explore/cad-cam/product-topics/dental-cad-software.html,https://www.dentsplysirona.com/en/discover/discover-by-category/cad-cam/dental-cad-software.html,yes,200,Brand / Product Page,"List, Search",Adobe DTM / Launch; Adobe Scene7 / Dynamic Media; SAP Hybris Commerce; Commerce GraphQL API; Coveo Search; reCAPTCHA; OneTrust; Google Fonts,Medium,Semi-Automated
https://www.dentsplysirona.com/en/explore/cad-cam/product-topics/dental-design.html,https://www.dentsplysirona.com/en/explore/cad-cam/product-topics/dental-design.html,no,200,Explore / Category Landing,"Hero, Teaser, Carousel, Accordion, Cards, Embed, List, Search",Adobe DTM / Launch; Adobe Scene7 / Dynamic Media; SAP Hybris Commerce; Commerce GraphQL API; Coveo Search; reCAPTCHA; OneTrust; Google Fonts,High,Manual
https://www.dentsplysirona.com/en/explore/cad-cam/product-topics/dental-milling-machines.html,https://www.dentsplysirona.com/en/discover/discover-by-category/cad-cam/dental-milling-machines.html,yes,200,Brand / Product Page,"Video, Embed, List, Search",Adobe DTM / Launch; Adobe Scene7 / Dynamic Media; SAP Hybris Commerce; Commerce GraphQL API; Coveo Search; reCAPTCHA; OneTrust; YouTube; Google Fonts,Medium,Semi-Automated
https://www.dentsplysirona.com/en/explore/cad-cam/product-topics/other/implant-dentistry-with-cerec.html,https://www.dentsplysirona.com/en/discover/discover-by-procedure/implant-dentistry-with-cerec.html,yes,200,Brand / Product Page,"List, Search",Adobe DTM / Launch; Adobe Scene7 / Dynamic Media; SAP Hybris Commerce; Commerce GraphQL API; Coveo Search; reCAPTCHA; OneTrust; Google Fonts,Medium,Semi-Automated
https://www.dentsplysirona.com/en/explore/dental-chairs.html,https://www.dentsplysirona.com/en/discover/discover-by-category/treatment-centers.html,yes,200,Basic Content Page,"Carousel, List, Search",Adobe DTM / Launch; Adobe Scene7 / Dynamic Media; SAP Hybris Commerce; Commerce GraphQL API; Coveo Search; reCAPTCHA; OneTrust; Google Fonts,Low,Automated
https://www.dentsplysirona.com/en/explore/dental-chairs/brands/axano.html,https://www.dentsplysirona.com/en/discover/discover-by-brand/axano.html,yes,200,Brand / Product Page,"Carousel, Video, Embed, List, Search",Adobe DTM / Launch; Adobe Scene7 / Dynamic Media; SAP Hybris Commerce; Commerce GraphQL API; Coveo Search; reCAPTCHA; OneTrust; YouTube; Google Fonts,Medium,Semi-Automated
https://www.dentsplysirona.com/en/explore/dental-chairs/brands/other/dental-saddle-chairs.html,https://www.dentsplysirona.com/en/discover/discover-by-category/treatment-centers/dental-saddle-chairs.html,yes,200,Brand / Product Page,"Carousel, List, Search",Adobe DTM / Launch; Adobe Scene7 / Dynamic Media; SAP Hybris Commerce; Commerce GraphQL API; Coveo Search; reCAPTCHA; OneTrust; Google Fonts,Medium,Semi-Automated
https://www.dentsplysirona.com/en/explore/dental-chairs/brands/other/intego.html,https://www.dentsplysirona.com/en/discover/discover-by-brand/intego.html,yes,200,Brand / Product Page,"Carousel, Video, Embed, List, Search",Adobe DTM / Launch; Adobe Scene7 / Dynamic Media; SAP Hybris Commerce; Commerce GraphQL API; Coveo Search; reCAPTCHA; OneTrust; YouTube; Google Fonts,Medium,Semi-Automated
https://www.dentsplysirona.com/en/explore/dental-chairs/brands/other/sinius.html,https://www.dentsplysirona.com/en/discover/discover-by-brand/sinius.html,yes,200,Brand / Product Page,"Carousel, List, Search",Adobe DTM / Launch; Adobe Scene7 / Dynamic Media; SAP Hybris Commerce; Commerce GraphQL API; Coveo Search; reCAPTCHA; OneTrust; Google Fonts,Medium,Semi-Automated
https://www.dentsplysirona.com/en/explore/dental-chairs/brands/other/working-stools.html,https://www.dentsplysirona.com/en/discover/discover-by-category/treatment-centers/working-stools.html,yes,200,Brand / Product Page,"Carousel, List, Search",Adobe DTM / Launch; Adobe Scene7 / Dynamic Media; SAP Hybris Commerce; Commerce GraphQL API; Coveo Search; reCAPTCHA; OneTrust; Google Fonts,Medium,Semi-Automated
https://www.dentsplysirona.com/en/explore/dental-lab.html,https://www.dentsplysirona.com/en/discover/discover-by-category/dental-lab.html,yes,200,Basic Content Page,"Carousel, List, Search",Adobe DTM / Launch; Adobe Scene7 / Dynamic Media; SAP Hybris Commerce; Commerce GraphQL API; Coveo Search; reCAPTCHA; OneTrust; Google Fonts,Low,Automated
https://www.dentsplysirona.com/en/explore/dental-lab/brands/celtra-press.html,https://www.dentsplysirona.com/en/discover/discover-by-brand/celtra-press.html,yes,200,Brand / Product Page,"Carousel, Video, Embed, List, Search",Adobe DTM / Launch; Adobe Scene7 / Dynamic Media; SAP Hybris Commerce; Commerce GraphQL API; Coveo Search; reCAPTCHA; OneTrust; YouTube; Google Fonts,Medium,Semi-Automated
https://www.dentsplysirona.com/en/explore/dental-lab/brands/cercon/cercon-ht-ml.html,https://www.dentsplysirona.com/en/discover/discover-by-brand/cercon-ht-ml.html,yes,200,Brand / Product Page,"Carousel, Video, Embed, List, Search",Adobe DTM / Launch; Adobe Scene7 / Dynamic Media; SAP Hybris Commerce; Commerce GraphQL API; Coveo Search; reCAPTCHA; OneTrust; YouTube; Google Fonts,Medium,Semi-Automated
https://www.dentsplysirona.com/en/explore/dental-lab/brands/cercon/cercon-xt-ml.html,https://www.dentsplysirona.com/en/discover/discover-by-brand/cercon-xt-ml.html,yes,200,Brand / Product Page,"Carousel, Video, Embed, List, Search",Adobe DTM / Launch; Adobe Scene7 / Dynamic Media; SAP Hybris Commerce; Commerce GraphQL API; Coveo Search; reCAPTCHA; OneTrust; YouTube; Google Fonts,Medium,Semi-Automated
https://www.dentsplysirona.com/en/explore/dental-lab/brands/cercon/cercon-yo-ml.html,https://www.dentsplysirona.com/en/discover/discover-by-brand/cercon-yo.html,yes,200,Brand / Product Page,"Carousel, List, Search",Adobe DTM / Launch; Adobe Scene7 / Dynamic Media; SAP Hybris Commerce; Commerce GraphQL API; Coveo Search; reCAPTCHA; OneTrust; Google Fonts,Medium,Semi-Automated
https://www.dentsplysirona.com/en/explore/dental-lab/brands/ineos-x5.html,https://www.dentsplysirona.com/en/discover/discover-by-brand/ineos-x5.html,yes,200,Brand / Product Page,"Carousel, List, Search",Adobe DTM / Launch; Adobe Scene7 / Dynamic Media; SAP Hybris Commerce; Commerce GraphQL API; Coveo Search; reCAPTCHA; OneTrust; Google Fonts,Medium,Semi-Automated
https://www.dentsplysirona.com/en/explore/dental-lab/brands/inlab.html,https://www.dentsplysirona.com/en/discover/discover-by-category/dental-lab/inlab-downloads.html,yes,200,Basic Content Page,"List, Search",Adobe DTM / Launch; Adobe Scene7 / Dynamic Media; SAP Hybris Commerce; Commerce GraphQL API; Coveo Search; reCAPTCHA; OneTrust; Google Fonts,Low,Automated
https://www.dentsplysirona.com/en/explore/dental-lab/brands/inlab/inlab-cad-cam-equipment.html,https://www.dentsplysirona.com/en/discover/discover-by-category/dental-lab/cad-cam-equipment-for-the-dental-lab.html,yes,200,Brand / Product Page,"List, Search",Adobe DTM / Launch; Adobe Scene7 / Dynamic Media; SAP Hybris Commerce; Commerce GraphQL API; Coveo Search; reCAPTCHA; OneTrust; Google Fonts,Medium,Semi-Automated
https://www.dentsplysirona.com/en/explore/dental-lab/brands/inlab/inlab-mc-x5.html,https://www.dentsplysirona.com/en/discover/discover-by-brand/inlab-mc-x5.html,yes,200,Brand / Product Page,"Carousel, List, Search",Adobe DTM / Launch; Adobe Scene7 / Dynamic Media; SAP Hybris Commerce; Commerce GraphQL API; Coveo Search; reCAPTCHA; OneTrust; Google Fonts,Medium,Semi-Automated
https://www.dentsplysirona.com/en/explore/dental-lab/brands/inlab/inlab-profire.html,https://www.dentsplysirona.com/en/discover/discover-by-brand/inlab-profire.html,yes,200,Brand / Product Page,"Carousel, List, Search",Adobe DTM / Launch; Adobe Scene7 / Dynamic Media; SAP Hybris Commerce; Commerce GraphQL API; Coveo Search; reCAPTCHA; OneTrust; Google Fonts,Medium,Semi-Automated
https://www.dentsplysirona.com/en/explore/dental-lab/brands/kiss-ceramics.html,https://www.dentsplysirona.com/en/discover/discover-by-brand/kiss-ceramics.html,yes,200,Brand / Product Page,"Carousel, List, Search",Adobe DTM / Launch; Adobe Scene7 / Dynamic Media; SAP Hybris Commerce; Commerce GraphQL API; Coveo Search; reCAPTCHA; OneTrust; Google Fonts,Medium,Semi-Automated
https://www.dentsplysirona.com/en/explore/dental-lab/brands/lucitone/lucitone-digital-ipn.html,https://www.dentsplysirona.com/en/discover/discover-by-brand/lucitone-digital-print-denture-system/lucitone-digital-ipn.html,yes,200,Brand / Product Page,"Carousel, List, Search",Adobe DTM / Launch; Adobe Scene7 / Dynamic Media; SAP Hybris Commerce; Commerce GraphQL API; Coveo Search; reCAPTCHA; OneTrust; Google Fonts,Medium,Semi-Automated
https://www.dentsplysirona.com/en/explore/dental-lab/brands/lucitone/lucitone-digital-print-denture-system.html,https://www.dentsplysirona.com/en/discover/discover-by-brand/lucitone-digital-print-denture-system.html,yes,200,Brand / Product Page,"List, Search",Adobe DTM / Launch; Adobe Scene7 / Dynamic Media; SAP Hybris Commerce; Commerce GraphQL API; Coveo Search; reCAPTCHA; OneTrust; Google Fonts,Medium,Semi-Automated
https://www.dentsplysirona.com/en/explore/dental-lab/brands/other/ipn-3d.html,https://www.dentsplysirona.com/en/discover/discover-by-brand/ipn-3d.html,yes,200,Brand / Product Page,"Carousel, List, Search",Adobe DTM / Launch; Adobe Scene7 / Dynamic Media; SAP Hybris Commerce; Commerce GraphQL API; Coveo Search; reCAPTCHA; OneTrust; Google Fonts,Medium,Semi-Automated
https://www.dentsplysirona.com/en/explore/dental-lab/brands/portrait-ipn.html,https://www.dentsplysirona.com/en/discover/discover-by-brand/portrait-ipn.html,yes,200,Brand / Product Page,"Carousel, List, Search",Adobe DTM / Launch; Adobe Scene7 / Dynamic Media; SAP Hybris Commerce; Commerce GraphQL API; Coveo Search; reCAPTCHA; OneTrust; Google Fonts,Medium,Semi-Automated
https://www.dentsplysirona.com/en/explore/dental-lab/product-topics/cad-cam-dental-lab.html,https://www.dentsplysirona.com/en/discover/discover-by-category/dental-lab/cad-cam-materials-for-dental-laboratories.html,yes,200,Brand / Product Page,"Carousel, List, Search",Adobe DTM / Launch; Adobe Scene7 / Dynamic Media; SAP Hybris Commerce; Commerce GraphQL API; Coveo Search; reCAPTCHA; OneTrust; Google Fonts,Medium,Semi-Automated
https://www.dentsplysirona.com/en/explore/dental-lab/product-topics/digital-dentures.html,https://www.dentsplysirona.com/en/discover/discover-by-category/dental-lab/digital-dentures.html,yes,200,Brand / Product Page,"List, Search",Adobe DTM / Launch; Adobe Scene7 / Dynamic Media; SAP Hybris Commerce; Commerce GraphQL API; Coveo Search; reCAPTCHA; OneTrust; Google Fonts,Medium,Semi-Automated
https://www.dentsplysirona.com/en/explore/digital-dentistry.html,https://www.dentsplysirona.com/en/explore/digital-dentistry.html,no,200,Explore / Category Landing,"Hero, Teaser, Carousel, Accordion, Step, Cards, Embed, List, Search",Adobe DTM / Launch; Adobe Scene7 / Dynamic Media; SAP Hybris Commerce; Commerce GraphQL API; Coveo Search; reCAPTCHA; OneTrust; Google Fonts,High,Manual
https://www.dentsplysirona.com/en/explore/digital-dentistry/brands/ds-core.html,https://www.dentsplysirona.com/en/explore/digital-dentistry/brands/ds-core.html,no,200,Explore / Category Landing,"Hero, Teaser, Carousel, Accordion, Step, Cards, Banner, Embed, List, Search",Adobe DTM / Launch; Adobe Scene7 / Dynamic Media; SAP Hybris Commerce; Commerce GraphQL API; Coveo Search; reCAPTCHA; OneTrust; Google Fonts,High,Manual
https://www.dentsplysirona.com/en/explore/digital-dentistry/brands/other/primescan-connect.html,https://www.dentsplysirona.com/en/discover/discover-by-brand/primescan-connect.html,yes,200,Brand / Product Page,"Carousel, List, Search",Adobe DTM / Launch; Adobe Scene7 / Dynamic Media; SAP Hybris Commerce; Commerce GraphQL API; Coveo Search; reCAPTCHA; OneTrust; Google Fonts,Medium,Semi-Automated
https://www.dentsplysirona.com/en/explore/digital-dentistry/brands/primescan-2.html,https://www.dentsplysirona.com/en/discover/discover-by-brand/primescan2.html,yes,200,Brand / Product Page,"List, Search",Adobe DTM / Launch; Adobe Scene7 / Dynamic Media; SAP Hybris Commerce; Commerce GraphQL API; Coveo Search; reCAPTCHA; OneTrust; Google Fonts,Medium,Semi-Automated
https://www.dentsplysirona.com/en/explore/digital-dentistry/brands/primescan.html,https://www.dentsplysirona.com/en/discover/discover-by-brand/primescan.html,yes,200,Brand / Product Page,"Carousel, List, Search",Adobe DTM / Launch; Adobe Scene7 / Dynamic Media; SAP Hybris Commerce; Commerce GraphQL API; Coveo Search; reCAPTCHA; OneTrust; Google Fonts,Medium,Semi-Automated
https://www.dentsplysirona.com/en/explore/digital-dentistry/contact.html,https://www.dentsplysirona.com/en/discover/discover-by-category/cad-cam/contact.html,yes,200,Basic Content Page,"List, Search",Adobe DTM / Launch; Adobe Scene7 / Dynamic Media; SAP Hybris Commerce; Commerce GraphQL API; Coveo Search; reCAPTCHA; OneTrust; Google Fonts,Low,Automated
https://www.dentsplysirona.com/en/explore/digital-dentistry/product-topics/cloud-solutions-dental-lab.html,https://www.dentsplysirona.com/en/explore/digital-dentistry/product-topics/cloud-solutions-dental-lab.html,no,200,Explore / Category Landing,"Hero, Teaser, Carousel, Accordion, Step, Cards, Embed, List, Search",Adobe DTM / Launch; Adobe Scene7 / Dynamic Media; SAP Hybris Commerce; Commerce GraphQL API; Coveo Search; reCAPTCHA; OneTrust; Google Fonts,High,Manual
https://www.dentsplysirona.com/en/explore/digital-dentistry/product-topics/design-services.html,https://www.dentsplysirona.com/en/discover/discover-by-brand/ds-core/ds-core-create.html,yes,200,Brand / Product Page,"Video, Embed, List, Search",Adobe DTM / Launch; Adobe Scene7 / Dynamic Media; SAP Hybris Commerce; Commerce GraphQL API; Coveo Search; reCAPTCHA; OneTrust; YouTube; Google Fonts,Medium,Semi-Automated
https://www.dentsplysirona.com/en/explore/digital-dentistry/product-topics/equipment-service.html,https://www.dentsplysirona.com/en/discover/discover-by-brand/ds-core/ds-core-care.html,yes,200,Brand / Product Page,"Video, List, Search",Adobe DTM / Launch; Adobe Scene7 / Dynamic Media; SAP Hybris Commerce; Commerce GraphQL API; Coveo Search; reCAPTCHA; OneTrust; Google Fonts,Medium,Semi-Automated
https://www.dentsplysirona.com/en/explore/digital-dentistry/product-topics/inhouse-manufacturing-solutions.html,https://www.dentsplysirona.com/en/explore/digital-dentistry/product-topics/inhouse-manufacturing-solutions.html,no,200,Explore / Category Landing,"Hero, Teaser, Carousel, Accordion, Step, Cards, Embed, List, Search",Adobe DTM / Launch; Adobe Scene7 / Dynamic Media; SAP Hybris Commerce; Commerce GraphQL API; Coveo Search; reCAPTCHA; OneTrust; Google Fonts,High,Manual
https://www.dentsplysirona.com/en/explore/digital-dentistry/product-topics/intraoral-scanning-and-digital-impression.html,https://www.dentsplysirona.com/en/discover/discover-by-category/intraoral-scanners.html,yes,200,Basic Content Page,"Carousel, List, Search",Adobe DTM / Launch; Adobe Scene7 / Dynamic Media; SAP Hybris Commerce; Commerce GraphQL API; Coveo Search; reCAPTCHA; OneTrust; Google Fonts,Low,Automated
https://www.dentsplysirona.com/en/explore/digital-dentistry/product-topics/other/ds-core-for-endo.html,https://www.dentsplysirona.com/en/explore/digital-dentistry/product-topics/other/ds-core-for-endo.html,no,200,Explore / Category Landing,"Hero, Teaser, Carousel, Cards, Banner, Embed, List, Search",Adobe DTM / Launch; Adobe Scene7 / Dynamic Media; SAP Hybris Commerce; Commerce GraphQL API; Coveo Search; reCAPTCHA; OneTrust; Google Fonts,High,Manual
https://www.dentsplysirona.com/en/explore/digital-dentistry/product-topics/other/how-ds-core-can-elevate-digital-impressions-in-dentistry-to-the-.html,https://www.dentsplysirona.com/en/discover/discover-by-topic/by-category/digital-dentistry/how-ds-core-can-elevate-digital-impressions-in-dentistry-to-the-next-level.html,yes,200,Article / Editorial Detail,"List, Search",Adobe DTM / Launch; Adobe Scene7 / Dynamic Media; SAP Hybris Commerce; Commerce GraphQL API; Coveo Search; reCAPTCHA; OneTrust; Google Fonts,Low,Automated
https://www.dentsplysirona.com/en/explore/endodontics.html,https://www.dentsplysirona.com/en/explore/endodontics.html,no,200,Explore / Category Landing,"Hero, Teaser, Carousel, Cards, Embed, List, Search",Adobe DTM / Launch; Adobe Scene7 / Dynamic Media; SAP Hybris Commerce; Commerce GraphQL API; Coveo Search; reCAPTCHA; OneTrust; Google Fonts,High,Manual
https://www.dentsplysirona.com/en/explore/endodontics/brands/ah-plus.html,https://www.dentsplysirona.com/en/explore/endodontics/brands/ah-plus.html,no,200,Explore / Category Landing,"Hero, Teaser, Carousel, Accordion, Step, Cards, Banner, Embed, List, Search",Adobe DTM / Launch; Adobe Scene7 / Dynamic Media; SAP Hybris Commerce; Commerce GraphQL API; Coveo Search; reCAPTCHA; OneTrust; Google Fonts,High,Manual
https://www.dentsplysirona.com/en/explore/endodontics/brands/irrigation-needle.html,https://www.dentsplysirona.com/en/explore/endodontics/brands/irrigation-needle.html,no,200,Explore / Category Landing,"Hero, Teaser, Carousel, Accordion, Step, Cards, Banner, Embed, List, Search",Adobe DTM / Launch; Adobe Scene7 / Dynamic Media; SAP Hybris Commerce; Commerce GraphQL API; Coveo Search; reCAPTCHA; OneTrust; Google Fonts,High,Manual
https://www.dentsplysirona.com/en/explore/endodontics/brands/other/conform-fit-gutta-percha-point.html,https://www.dentsplysirona.com/en/explore/endodontics/brands/other/conform-fit-gutta-percha-point.html,no,200,Explore / Category Landing,"Hero, Carousel, Cards, Banner, Embed, List, Search",Adobe DTM / Launch; Adobe Scene7 / Dynamic Media; SAP Hybris Commerce; Commerce GraphQL API; Coveo Search; reCAPTCHA; OneTrust; Google Fonts,High,Manual
https://www.dentsplysirona.com/en/explore/endodontics/brands/other/eddy.html,https://www.dentsplysirona.com/en/explore/endodontics/brands/other/eddy.html,no,200,Explore / Category Landing,"Hero, Teaser, Carousel, Accordion, Step, Cards, Banner, Embed, List, Search",Adobe DTM / Launch; Adobe Scene7 / Dynamic Media; SAP Hybris Commerce; Commerce GraphQL API; Coveo Search; reCAPTCHA; OneTrust; Google Fonts,High,Manual
https://www.dentsplysirona.com/en/explore/endodontics/brands/other/fluoropost.html,https://www.dentsplysirona.com/en/discover/discover-by-brand/fluoropost.html,yes,200,Brand / Product Page,"Carousel, List, Search",Adobe DTM / Launch; Adobe Scene7 / Dynamic Media; SAP Hybris Commerce; Commerce GraphQL API; Coveo Search; reCAPTCHA; OneTrust; Google Fonts,Medium,Semi-Automated
https://www.dentsplysirona.com/en/explore/endodontics/brands/other/gutta-fusion.html,https://www.dentsplysirona.com/en/explore/endodontics.html,yes,200,Explore / Category Landing,"Hero, Teaser, Carousel, Cards, Embed, List, Search",Adobe DTM / Launch; Adobe Scene7 / Dynamic Media; SAP Hybris Commerce; Commerce GraphQL API; Coveo Search; reCAPTCHA; OneTrust; Google Fonts,High,Manual
https://www.dentsplysirona.com/en/explore/endodontics/brands/other/gutta-smart.html,https://www.dentsplysirona.com/en/discover/discover-by-brand/gutta-smart.html,yes,200,Brand / Product Page,"List, Search",Adobe DTM / Launch; Adobe Scene7 / Dynamic Media; SAP Hybris Commerce; Commerce GraphQL API; Coveo Search; reCAPTCHA; OneTrust; Google Fonts,Medium,Semi-Automated
https://www.dentsplysirona.com/en/explore/endodontics/brands/other/guttacore-obturators.html,https://www.dentsplysirona.com/en/explore/endodontics/brands/other/guttacore-obturators.html,no,200,Explore / Category Landing,"Hero, Teaser, Carousel, Accordion, Step, Cards, Banner, Embed, List, Search",Adobe DTM / Launch; Adobe Scene7 / Dynamic Media; SAP Hybris Commerce; Commerce GraphQL API; Coveo Search; reCAPTCHA; OneTrust; Google Fonts,High,Manual
https://www.dentsplysirona.com/en/explore/endodontics/brands/other/propex-pixi.html,https://www.dentsplysirona.com/en/explore/endodontics/brands/other/propex-pixi.html,no,200,Explore / Category Landing,"Hero, Teaser, Carousel, Cards, Banner, Embed, List, Search",Adobe DTM / Launch; Adobe Scene7 / Dynamic Media; SAP Hybris Commerce; Commerce GraphQL API; Coveo Search; reCAPTCHA; OneTrust; Google Fonts,High,Manual
https://www.dentsplysirona.com/en/explore/endodontics/brands/other/proroot-bio-sealer.html,https://www.dentsplysirona.com/en/explore/endodontics/brands/other/proroot-bio-sealer.html,no,200,Explore / Category Landing,"Hero, Teaser, Carousel, Accordion, Step, Cards, Banner, Embed, List, Search",Adobe DTM / Launch; Adobe Scene7 / Dynamic Media; SAP Hybris Commerce; Commerce GraphQL API; Coveo Search; reCAPTCHA; OneTrust; Google Fonts,High,Manual
https://www.dentsplysirona.com/en/explore/endodontics/brands/other/r-pilot.html,https://www.dentsplysirona.com/en/explore/endodontics/brands/other/r-pilot.html,no,200,Explore / Category Landing,"Hero, Teaser, Carousel, Accordion, Step, Cards, Banner, Embed, List, Search",Adobe DTM / Launch; Adobe Scene7 / Dynamic Media; SAP Hybris Commerce; Commerce GraphQL API; Coveo Search; reCAPTCHA; OneTrust; Google Fonts,High,Manual
https://www.dentsplysirona.com/en/explore/endodontics/brands/other/readysteel.html,https://www.dentsplysirona.com/en/explore/endodontics/brands/other/readysteel.html,no,200,Explore / Category Landing,"Hero, Teaser, Carousel, Cards, Banner, Embed, List, Search",Adobe DTM / Launch; Adobe Scene7 / Dynamic Media; SAP Hybris Commerce; Commerce GraphQL API; Coveo Search; reCAPTCHA; OneTrust; Google Fonts,High,Manual
https://www.dentsplysirona.com/en/explore/endodontics/brands/other/vdw-rotate.html,https://www.dentsplysirona.com/en/explore/endodontics/brands/other/vdw-rotate.html,no,200,Explore / Category Landing,"Hero, Teaser, Carousel, Accordion, Step, Cards, Banner, Embed, List, Search",Adobe DTM / Launch; Adobe Scene7 / Dynamic Media; SAP Hybris Commerce; Commerce GraphQL API; Coveo Search; reCAPTCHA; OneTrust; Google Fonts,High,Manual
https://www.dentsplysirona.com/en/explore/endodontics/brands/other/x-smart-apex-locator.html,https://www.dentsplysirona.com/en/explore/endodontics/brands/other/x-smart-apex-locator.html,no,200,Explore / Category Landing,"Hero, Teaser, Carousel, Accordion, Cards, Banner, Embed, List, Search",Adobe DTM / Launch; Adobe Scene7 / Dynamic Media; SAP Hybris Commerce; Commerce GraphQL API; Coveo Search; reCAPTCHA; OneTrust; Google Fonts,High,Manual
https://www.dentsplysirona.com/en/explore/endodontics/brands/other/x-smart-go.html,https://www.dentsplysirona.com/en/explore/endodontics/brands/other/x-smart-go.html,no,200,Explore / Category Landing,"Hero, Teaser, Carousel, Accordion, Cards, Banner, Embed, List, Search",Adobe DTM / Launch; Adobe Scene7 / Dynamic Media; SAP Hybris Commerce; Commerce GraphQL API; Coveo Search; reCAPTCHA; OneTrust; Google Fonts,High,Manual
https://www.dentsplysirona.com/en/explore/endodontics/brands/protaper-ultimate.html,https://www.dentsplysirona.com/en/explore/endodontics/brands/protaper-ultimate.html,no,200,Explore / Category Landing,"Hero, Teaser, Carousel, Accordion, Step, Cards, Banner, Embed, List, Search",Adobe DTM / Launch; Adobe Scene7 / Dynamic Media; SAP Hybris Commerce; Commerce GraphQL API; Coveo Search; reCAPTCHA; OneTrust; Google Fonts,High,Manual
https://www.dentsplysirona.com/en/explore/endodontics/brands/protaper-ultimate/protaper-gold.html,https://www.dentsplysirona.com/en/explore/endodontics/brands/protaper-ultimate/protaper-gold.html,no,200,Explore / Category Landing,"Hero, Teaser, Carousel, Accordion, Step, Cards, Banner, Embed, List, Search",Adobe DTM / Launch; Adobe Scene7 / Dynamic Media; SAP Hybris Commerce; Commerce GraphQL API; Coveo Search; reCAPTCHA; OneTrust; Google Fonts,High,Manual
https://www.dentsplysirona.com/en/explore/endodontics/brands/protaper-ultimate/protaper-next.html,https://www.dentsplysirona.com/en/discover/discover-by-brand/protaper-next.html,yes,200,Brand / Product Page,"Carousel, List, Search",Adobe DTM / Launch; Adobe Scene7 / Dynamic Media; SAP Hybris Commerce; Commerce GraphQL API; Coveo Search; reCAPTCHA; OneTrust; Google Fonts,Medium,Semi-Automated
https://www.dentsplysirona.com/en/explore/endodontics/brands/reciproc-family.html,https://www.dentsplysirona.com/en/explore/endodontics/brands/reciproc-family.html,no,200,Explore / Category Landing,"Hero, Teaser, Carousel, Accordion, Step, Cards, Banner, Embed, List, Search",Adobe DTM / Launch; Adobe Scene7 / Dynamic Media; SAP Hybris Commerce; Commerce GraphQL API; Coveo Search; reCAPTCHA; OneTrust; Google Fonts,High,Manual
https://www.dentsplysirona.com/en/explore/endodontics/brands/reciproc-family/reciproc-blue.html,https://www.dentsplysirona.com/en/explore/endodontics/brands/reciproc-family.html,yes,200,Explore / Category Landing,"Hero, Teaser, Carousel, Accordion, Step, Cards, Banner, Embed, List, Search",Adobe DTM / Launch; Adobe Scene7 / Dynamic Media; SAP Hybris Commerce; Commerce GraphQL API; Coveo Search; reCAPTCHA; OneTrust; Google Fonts,High,Manual
https://www.dentsplysirona.com/en/explore/endodontics/brands/smartlite-pro-endoactivator.html,https://www.dentsplysirona.com/en/explore/endodontics/brands/smartlite-pro-endoactivator.html,no,200,Explore / Category Landing,"Hero, Teaser, Carousel, Accordion, Step, Cards, Banner, Embed, List, Search",Adobe DTM / Launch; Adobe Scene7 / Dynamic Media; SAP Hybris Commerce; Commerce GraphQL API; Coveo Search; reCAPTCHA; OneTrust; Google Fonts,High,Manual
https://www.dentsplysirona.com/en/explore/endodontics/brands/trunatomy.html,https://www.dentsplysirona.com/en/explore/endodontics/brands/trunatomy.html,no,200,Explore / Category Landing,"Hero, Teaser, Carousel, Accordion, Step, Cards, Banner, Embed, List, Search",Adobe DTM / Launch; Adobe Scene7 / Dynamic Media; SAP Hybris Commerce; Commerce GraphQL API; Coveo Search; reCAPTCHA; OneTrust; Google Fonts,High,Manual
https://www.dentsplysirona.com/en/explore/endodontics/brands/waveone-gold.html,https://www.dentsplysirona.com/en/explore/endodontics/brands/waveone-gold.html,no,200,Explore / Category Landing,"Hero, Teaser, Carousel, Accordion, Step, Cards, Banner, Embed, List, Search",Adobe DTM / Launch; Adobe Scene7 / Dynamic Media; SAP Hybris Commerce; Commerce GraphQL API; Coveo Search; reCAPTCHA; OneTrust; Google Fonts,High,Manual
https://www.dentsplysirona.com/en/explore/endodontics/brands/x-smart-pro-plus.html,https://www.dentsplysirona.com/en/explore/endodontics/brands/x-smart-pro-plus.html,no,200,Explore / Category Landing,"Hero, Teaser, Carousel, Accordion, Cards, Banner, Embed, List, Search",Adobe DTM / Launch; Adobe Scene7 / Dynamic Media; SAP Hybris Commerce; Commerce GraphQL API; Coveo Search; reCAPTCHA; OneTrust; Google Fonts,High,Manual
https://www.dentsplysirona.com/en/explore/endodontics/contact.html,https://www.dentsplysirona.com/en/explore/endodontics/contact.html,no,200,Explore / Category Landing,"Hero, Embed, List, Search",Adobe DTM / Launch; Adobe Scene7 / Dynamic Media; SAP Hybris Commerce; Commerce GraphQL API; Coveo Search; reCAPTCHA; OneTrust; Google Fonts,High,Manual
https://www.dentsplysirona.com/en/explore/endodontics/product-topics/other/active-irrigation-key-to-endo-success.html,https://www.dentsplysirona.com/en/explore/endodontics/product-topics/other/active-irrigation-key-to-endo-success.html,no,200,Explore / Category Landing,"Hero, Carousel, Cards, Embed, List, Search",Adobe DTM / Launch; Adobe Scene7 / Dynamic Media; SAP Hybris Commerce; Commerce GraphQL API; Coveo Search; reCAPTCHA; OneTrust; Google Fonts,High,Manual
https://www.dentsplysirona.com/en/explore/endodontics/product-topics/root-canal-cleaning.html,https://www.dentsplysirona.com/en/explore/endodontics/product-topics/root-canal-cleaning.html,no,200,Explore / Category Landing,"Hero, Teaser, Carousel, Accordion, Step, Cards, Embed, List, Search",Adobe DTM / Launch; Adobe Scene7 / Dynamic Media; SAP Hybris Commerce; Commerce GraphQL API; Coveo Search; reCAPTCHA; OneTrust; Google Fonts,High,Manual
https://www.dentsplysirona.com/en/explore/endodontics/product-topics/root-canal-obturation.html,https://www.dentsplysirona.com/en/discover/discover-by-category/endodontics/root-canal-obturation.html,yes,200,Basic Content Page,"List, Search",Adobe DTM / Launch; Adobe Scene7 / Dynamic Media; SAP Hybris Commerce; Commerce GraphQL API; Coveo Search; reCAPTCHA; OneTrust; Google Fonts,Low,Automated
https://www.dentsplysirona.com/en/explore/endodontics/product-topics/root-canal-shaping.html,https://www.dentsplysirona.com/en/explore/endodontics/product-topics/root-canal-shaping.html,no,200,Explore / Category Landing,"Hero, Teaser, Carousel, Accordion, Step, Cards, Embed, List, Search",Adobe DTM / Launch; Adobe Scene7 / Dynamic Media; SAP Hybris Commerce; Commerce GraphQL API; Coveo Search; reCAPTCHA; OneTrust; Google Fonts,High,Manual
https://www.dentsplysirona.com/en/explore/implant-dentistry.html,https://www.dentsplysirona.com/en/discover/discover-by-category/implant-dentistry.html,yes,200,Basic Content Page,"List, Search",Adobe DTM / Launch; Adobe Scene7 / Dynamic Media; SAP Hybris Commerce; Commerce GraphQL API; Coveo Search; reCAPTCHA; OneTrust; Google Fonts,Low,Automated
https://www.dentsplysirona.com/en/explore/implant-dentistry/brands/ankylos.html,https://www.dentsplysirona.com/en/discover/discover-by-brand/ankylos.html,yes,200,Brand / Product Page,"Carousel, Video, Embed, List, Search",Adobe DTM / Launch; Adobe Scene7 / Dynamic Media; SAP Hybris Commerce; Commerce GraphQL API; Coveo Search; reCAPTCHA; OneTrust; YouTube; Google Fonts,Medium,Semi-Automated
https://www.dentsplysirona.com/en/explore/implant-dentistry/brands/astra-tech-implant-system-ev.html,https://www.dentsplysirona.com/en/discover/discover-by-brand/astra-tech-implant-system-ev.html,yes,200,Brand / Product Page,"Video, Embed, List, Search",Adobe DTM / Launch; Adobe Scene7 / Dynamic Media; SAP Hybris Commerce; Commerce GraphQL API; Coveo Search; reCAPTCHA; OneTrust; YouTube; Google Fonts,Medium,Semi-Automated
https://www.dentsplysirona.com/en/explore/implant-dentistry/brands/atlantis/atlantis-abutment.html,https://www.dentsplysirona.com/en/explore/implant-dentistry/brands/atlantis/atlantis-abutment.html,no,200,Explore / Category Landing,"Hero, Teaser, Carousel, Accordion, Step, Cards, Banner, Embed, List, Search",Adobe DTM / Launch; Adobe Scene7 / Dynamic Media; SAP Hybris Commerce; Commerce GraphQL API; Coveo Search; reCAPTCHA; OneTrust; Google Fonts,High,Manual
https://www.dentsplysirona.com/en/explore/implant-dentistry/brands/atlantis/atlantis-suprastructures.html,https://www.dentsplysirona.com/en/discover/discover-by-brand/atlantis/atlantis-suprastructures.html,yes,200,Brand / Product Page,"Carousel, Video, Embed, List, Search",Adobe DTM / Launch; Adobe Scene7 / Dynamic Media; SAP Hybris Commerce; Commerce GraphQL API; Coveo Search; reCAPTCHA; OneTrust; YouTube; Google Fonts,Medium,Semi-Automated
https://www.dentsplysirona.com/en/explore/implant-dentistry/brands/azento.html,https://www.dentsplysirona.com/en/discover/discover-by-brand/azento.html,yes,200,Brand / Product Page,"Carousel, Video, Embed, List, Search",Adobe DTM / Launch; Adobe Scene7 / Dynamic Media; SAP Hybris Commerce; Commerce GraphQL API; Coveo Search; reCAPTCHA; OneTrust; YouTube; Google Fonts,Medium,Semi-Automated
https://www.dentsplysirona.com/en/explore/implant-dentistry/brands/omnitaper-implant-system.html,https://www.dentsplysirona.com/en/discover/discover-by-brand/ds-omnitaper-implant-system.html,yes,200,Basic Content Page,"Video, Embed, List, Search",Adobe DTM / Launch; Adobe Scene7 / Dynamic Media; SAP Hybris Commerce; Commerce GraphQL API; Coveo Search; reCAPTCHA; OneTrust; YouTube; Google Fonts,Low,Automated
https://www.dentsplysirona.com/en/explore/implant-dentistry/brands/ossix.html,https://www.dentsplysirona.com/en/discover/discover-by-category/implant-dentistry/bone-and-soft-tissue-regeneration.html,yes,200,Brand / Product Page,"List, Search",Adobe DTM / Launch; Adobe Scene7 / Dynamic Media; SAP Hybris Commerce; Commerce GraphQL API; Coveo Search; reCAPTCHA; OneTrust; Google Fonts,Medium,Semi-Automated
https://www.dentsplysirona.com/en/explore/implant-dentistry/brands/other/acuris-conometric-concept.html,https://www.dentsplysirona.com/en/discover/discover-by-brand/acuris-conometric-concept.html,yes,200,Brand / Product Page,"Carousel, List, Search",Adobe DTM / Launch; Adobe Scene7 / Dynamic Media; SAP Hybris Commerce; Commerce GraphQL API; Coveo Search; reCAPTCHA; OneTrust; Google Fonts,Medium,Semi-Automated
https://www.dentsplysirona.com/en/explore/implant-dentistry/brands/other/astra-tech.html,https://www.dentsplysirona.com/en/discover/discover-by-brand/astra-tech-implant-system.html,yes,200,Brand / Product Page,"Carousel, List, Search",Adobe DTM / Launch; Adobe Scene7 / Dynamic Media; SAP Hybris Commerce; Commerce GraphQL API; Coveo Search; reCAPTCHA; OneTrust; Google Fonts,Medium,Semi-Automated
https://www.dentsplysirona.com/en/explore/implant-dentistry/brands/primetaper-implant-system.html,https://www.dentsplysirona.com/en/discover/discover-by-brand/ds-primetaper.html,yes,200,Brand / Product Page,"Video, Embed, List, Search",Adobe DTM / Launch; Adobe Scene7 / Dynamic Media; SAP Hybris Commerce; Commerce GraphQL API; Coveo Search; reCAPTCHA; OneTrust; YouTube; Google Fonts,Medium,Semi-Automated
https://www.dentsplysirona.com/en/explore/implant-dentistry/brands/simplant.html,https://www.dentsplysirona.com/en/discover/discover-by-brand/simplant.html,yes,200,Brand / Product Page,"Carousel, List, Search",Adobe DTM / Launch; Adobe Scene7 / Dynamic Media; SAP Hybris Commerce; Commerce GraphQL API; Coveo Search; reCAPTCHA; OneTrust; Google Fonts,Medium,Semi-Automated
https://www.dentsplysirona.com/en/explore/implant-dentistry/brands/symbios.html,https://www.dentsplysirona.com/en/discover/discover-by-brand/symbios.html,yes,200,Brand / Product Page,"Carousel, List, Search",Adobe DTM / Launch; Adobe Scene7 / Dynamic Media; SAP Hybris Commerce; Commerce GraphQL API; Coveo Search; reCAPTCHA; OneTrust; Google Fonts,Medium,Semi-Automated
https://www.dentsplysirona.com/en/explore/implant-dentistry/product-topics/bone-and-soft-tissue-regeneration.html,https://www.dentsplysirona.com/en/discover/discover-by-category/implant-dentistry/bone-and-soft-tissue-regeneration.html,yes,200,Brand / Product Page,"List, Search",Adobe DTM / Launch; Adobe Scene7 / Dynamic Media; SAP Hybris Commerce; Commerce GraphQL API; Coveo Search; reCAPTCHA; OneTrust; Google Fonts,Medium,Semi-Automated
https://www.dentsplysirona.com/en/explore/implant-dentistry/product-topics/ev-prosthetics.html,https://www.dentsplysirona.com/en/discover/discover-by-category/implant-dentistry/ev-prosthetics.html,yes,200,Brand / Product Page,"List, Search",Adobe DTM / Launch; Adobe Scene7 / Dynamic Media; SAP Hybris Commerce; Commerce GraphQL API; Coveo Search; reCAPTCHA; OneTrust; Google Fonts,Medium,Semi-Automated
https://www.dentsplysirona.com/en/explore/implant-dentistry/product-topics/implant-systems.html,https://www.dentsplysirona.com/en/discover/discover-by-category/implant-dentistry/implant-systems.html,yes,200,Brand / Product Page,"List, Search",Adobe DTM / Launch; Adobe Scene7 / Dynamic Media; SAP Hybris Commerce; Commerce GraphQL API; Coveo Search; reCAPTCHA; OneTrust; Google Fonts,Medium,Semi-Automated
https://www.dentsplysirona.com/en/explore/implant-dentistry/product-topics/product-selection-guide.html,https://www.dentsplysirona.com/en/explore/implant-dentistry/product-topics/product-selection-guide.html,no,404,(unavailable),—,,N/A,Excluded
https://www.dentsplysirona.com/en/explore/instruments.html,https://www.dentsplysirona.com/en/discover/discover-by-category/instruments.html,yes,200,Basic Content Page,"Carousel, List, Search",Adobe DTM / Launch; Adobe Scene7 / Dynamic Media; SAP Hybris Commerce; Commerce GraphQL API; Coveo Search; reCAPTCHA; OneTrust; Google Fonts,Low,Automated
https://www.dentsplysirona.com/en/explore/instruments/brands/energo.html,https://www.dentsplysirona.com/en/discover/discover-by-category/instruments/electric-handpieces.html,yes,200,Brand / Product Page,"Carousel, List, Search",Adobe DTM / Launch; Adobe Scene7 / Dynamic Media; SAP Hybris Commerce; Commerce GraphQL API; Coveo Search; reCAPTCHA; OneTrust; Google Fonts,Medium,Semi-Automated
https://www.dentsplysirona.com/en/explore/instruments/brands/other/sirolaser-advance-plus.html,https://www.dentsplysirona.com/en/discover/discover-by-brand/sirolaser-advance-plus.html,yes,200,Brand / Product Page,"Carousel, List, Search",Adobe DTM / Launch; Adobe Scene7 / Dynamic Media; SAP Hybris Commerce; Commerce GraphQL API; Coveo Search; reCAPTCHA; OneTrust; Google Fonts,Medium,Semi-Automated
https://www.dentsplysirona.com/en/explore/instruments/brands/other/sirolaser-blue.html,https://www.dentsplysirona.com/en/discover/discover-by-brand/sirolaser-blue.html,yes,200,Brand / Product Page,"Carousel, Video, Embed, List, Search",Adobe DTM / Launch; Adobe Scene7 / Dynamic Media; SAP Hybris Commerce; Commerce GraphQL API; Coveo Search; reCAPTCHA; OneTrust; YouTube; Google Fonts,Medium,Semi-Automated
https://www.dentsplysirona.com/en/explore/instruments/brands/sirosonic.html,https://www.dentsplysirona.com/en/discover/discover-by-category/instruments.html,yes,200,Basic Content Page,"Carousel, List, Search",Adobe DTM / Launch; Adobe Scene7 / Dynamic Media; SAP Hybris Commerce; Commerce GraphQL API; Coveo Search; reCAPTCHA; OneTrust; Google Fonts,Low,Automated
https://www.dentsplysirona.com/en/explore/instruments/product-topics/handpieces.html,https://www.dentsplysirona.com/en/discover/discover-by-category/instruments/electric-handpieces.html,yes,200,Brand / Product Page,"Carousel, List, Search",Adobe DTM / Launch; Adobe Scene7 / Dynamic Media; SAP Hybris Commerce; Commerce GraphQL API; Coveo Search; reCAPTCHA; OneTrust; Google Fonts,Medium,Semi-Automated
https://www.dentsplysirona.com/en/explore/instruments/product-topics/high-speeds.html,https://www.dentsplysirona.com/en/discover/discover-by-category/instruments/turbines.html,yes,200,Brand / Product Page,"Carousel, Video, Embed, List, Search",Adobe DTM / Launch; Adobe Scene7 / Dynamic Media; SAP Hybris Commerce; Commerce GraphQL API; Coveo Search; reCAPTCHA; OneTrust; YouTube; Google Fonts,Medium,Semi-Automated
https://www.dentsplysirona.com/en/explore/orthodontics.html,https://www.dentsplysirona.com/en/discover/discover-by-category/orthodontics.html,yes,200,Basic Content Page,"Carousel, List, Search",Adobe DTM / Launch; Adobe Scene7 / Dynamic Media; SAP Hybris Commerce; Commerce GraphQL API; Coveo Search; reCAPTCHA; OneTrust; Google Fonts,Low,Automated
https://www.dentsplysirona.com/en/explore/orthodontics/brands/essix.html,https://www.dentsplysirona.com/en/discover/discover-by-brand/essix-plastics.html,yes,200,Brand / Product Page,"Carousel, List, Search",Adobe DTM / Launch; Adobe Scene7 / Dynamic Media; SAP Hybris Commerce; Commerce GraphQL API; Coveo Search; reCAPTCHA; OneTrust; Google Fonts,Medium,Semi-Automated
https://www.dentsplysirona.com/en/explore/orthodontics/brands/suresmile-clear-aligner.html,https://www.dentsplysirona.com/en/discover/discover-by-brand/suresmile-aligners.html,yes,200,Brand / Product Page,"List, Search",Adobe DTM / Launch; Adobe Scene7 / Dynamic Media; SAP Hybris Commerce; Commerce GraphQL API; Coveo Search; reCAPTCHA; OneTrust; Google Fonts,Medium,Semi-Automated
https://www.dentsplysirona.com/en/explore/orthodontics/brands/suresmile-simulator.html,https://www.dentsplysirona.com/en/discover/discover-by-brand/suresmile-aligners/suresmile-simulator.html,yes,200,Basic Content Page,"List, Search",Adobe DTM / Launch; Adobe Scene7 / Dynamic Media; SAP Hybris Commerce; Commerce GraphQL API; Coveo Search; reCAPTCHA; OneTrust; Google Fonts,Low,Automated
https://www.dentsplysirona.com/en/explore/orthodontics/brands/suresmile-system/suresmile-retainers.html,https://www.dentsplysirona.com/en/discover/discover-by-brand/suresmile-aligners/suresmile-retainers.html,yes,200,Basic Content Page,"List, Search",Adobe DTM / Launch; Adobe Scene7 / Dynamic Media; SAP Hybris Commerce; Commerce GraphQL API; Coveo Search; reCAPTCHA; OneTrust; Google Fonts,Low,Automated
https://www.dentsplysirona.com/en/explore/orthodontics/brands/suresmile-system/suresmile-vpro.html,https://www.dentsplysirona.com/en/discover/discover-by-brand/suresmile-aligners/suresmile-vpro.html,yes,200,Basic Content Page,"List, Search",Adobe DTM / Launch; Adobe Scene7 / Dynamic Media; SAP Hybris Commerce; Commerce GraphQL API; Coveo Search; reCAPTCHA; OneTrust; Google Fonts,Low,Automated
https://www.dentsplysirona.com/en/explore/orthodontics/product-topics/appliance-fabrication.html,https://www.dentsplysirona.com/en/discover/discover-by-category/orthodontics/appliance-fabrication.html,yes,200,Brand / Product Page,"Carousel, List, Search",Adobe DTM / Launch; Adobe Scene7 / Dynamic Media; SAP Hybris Commerce; Commerce GraphQL API; Coveo Search; reCAPTCHA; OneTrust; Google Fonts,Medium,Semi-Automated
https://www.dentsplysirona.com/en/explore/orthodontics/product-topics/digital-orthodontics.html,https://www.dentsplysirona.com/en/discover/discover-by-procedure/digital-orthodontics.html,yes,200,Basic Content Page,"List, Search",Adobe DTM / Launch; Adobe Scene7 / Dynamic Media; SAP Hybris Commerce; Commerce GraphQL API; Coveo Search; reCAPTCHA; OneTrust; Google Fonts,Low,Automated
https://www.dentsplysirona.com/en/explore/orthodontics/product-topics/interproximal-reduction.html,https://www.dentsplysirona.com/en/discover/discover-by-category/orthodontics/interproximal-reduction.html,yes,200,Brand / Product Page,"Carousel, List, Search",Adobe DTM / Launch; Adobe Scene7 / Dynamic Media; SAP Hybris Commerce; Commerce GraphQL API; Coveo Search; reCAPTCHA; OneTrust; Google Fonts,Medium,Semi-Automated
https://www.dentsplysirona.com/en/explore/orthodontics/product-topics/other/suresmile--clear-aligners-signature-workflow.html,https://www.dentsplysirona.com/en/discover/discover-by-procedure/ds-signature-workflows/suresmile-clear-aligner-signature-workflow.html,yes,200,Basic Content Page,"List, Search",Adobe DTM / Launch; Adobe Scene7 / Dynamic Media; SAP Hybris Commerce; Commerce GraphQL API; Coveo Search; reCAPTCHA; OneTrust; Google Fonts,Low,Automated
https://www.dentsplysirona.com/en/explore/preventive.html,https://www.dentsplysirona.com/en/explore/preventive.html,no,200,Explore / Category Landing,"Hero, Teaser, Carousel, Accordion, Step, Cards, Embed, List, Search",Adobe DTM / Launch; Adobe Scene7 / Dynamic Media; SAP Hybris Commerce; Commerce GraphQL API; Coveo Search; reCAPTCHA; OneTrust; Google Fonts,High,Manual
https://www.dentsplysirona.com/en/explore/preventive/brands/cavitron-300.html,https://www.dentsplysirona.com/en/explore/preventive/brands/cavitron-300.html,no,200,Explore / Category Landing,"Hero, Teaser, Carousel, Accordion, Step, Cards, Banner, Embed, List, Search",Adobe DTM / Launch; Adobe Scene7 / Dynamic Media; SAP Hybris Commerce; Commerce GraphQL API; Coveo Search; reCAPTCHA; OneTrust; Google Fonts,High,Manual
https://www.dentsplysirona.com/en/explore/preventive/brands/nupro/nupro-prophy-angles.html,https://www.dentsplysirona.com/en/explore/preventive/brands/nupro/nupro-prophy-angles.html,no,200,Explore / Category Landing,"Hero, Teaser, Carousel, Accordion, Step, Cards, Banner, Embed, List, Search",Adobe DTM / Launch; Adobe Scene7 / Dynamic Media; SAP Hybris Commerce; Commerce GraphQL API; Coveo Search; reCAPTCHA; OneTrust; Google Fonts,High,Manual
https://www.dentsplysirona.com/en/explore/preventive/brands/nupro/nupro-prophy-paste.html,https://www.dentsplysirona.com/en/explore/preventive/brands/nupro/nupro-prophy-paste.html,no,200,Explore / Category Landing,"Hero, Teaser, Carousel, Accordion, Step, Cards, Banner, Embed, List, Search",Adobe DTM / Launch; Adobe Scene7 / Dynamic Media; SAP Hybris Commerce; Commerce GraphQL API; Coveo Search; reCAPTCHA; OneTrust; Google Fonts,High,Manual
https://www.dentsplysirona.com/en/explore/preventive/brands/nupro/nupro-white-varnish.html,https://www.dentsplysirona.com/en/explore/preventive/brands/nupro.html,yes,200,Explore / Category Landing,"Hero, Teaser, Carousel, Cards, Banner, Embed, List, Search",Adobe DTM / Launch; Adobe Scene7 / Dynamic Media; SAP Hybris Commerce; Commerce GraphQL API; Coveo Search; reCAPTCHA; OneTrust; Google Fonts,High,Manual
https://www.dentsplysirona.com/en/explore/preventive/brands/other/oraqix.html,https://www.dentsplysirona.com/en/explore/preventive.html,yes,200,Explore / Category Landing,"Hero, Teaser, Carousel, Accordion, Step, Cards, Embed, List, Search",Adobe DTM / Launch; Adobe Scene7 / Dynamic Media; SAP Hybris Commerce; Commerce GraphQL API; Coveo Search; reCAPTCHA; OneTrust; Google Fonts,High,Manual
https://www.dentsplysirona.com/en/explore/preventive/brands/other/xylocaine.html,https://www.dentsplysirona.com/en/discover/discover-by-brand/xylocaine.html,yes,200,Brand / Product Page,"Carousel, List, Search",Adobe DTM / Launch; Adobe Scene7 / Dynamic Media; SAP Hybris Commerce; Commerce GraphQL API; Coveo Search; reCAPTCHA; OneTrust; Google Fonts,Medium,Semi-Automated
https://www.dentsplysirona.com/en/explore/preventive/brands/purevac-hve.html,https://www.dentsplysirona.com/en/discover/discover-by-brand/purevac-hve.html,yes,200,Brand / Product Page,"Carousel, Video, Embed, List, Search",Adobe DTM / Launch; Adobe Scene7 / Dynamic Media; SAP Hybris Commerce; Commerce GraphQL API; Coveo Search; reCAPTCHA; OneTrust; YouTube; Google Fonts,Medium,Semi-Automated
https://www.dentsplysirona.com/en/explore/preventive/product-topics/dental-anesthetics.html,https://www.dentsplysirona.com/en/discover/discover-by-category/preventive/anesthetics.html,yes,200,Basic Content Page,"List, Search",Adobe DTM / Launch; Adobe Scene7 / Dynamic Media; SAP Hybris Commerce; Commerce GraphQL API; Coveo Search; reCAPTCHA; OneTrust; Google Fonts,Low,Automated
https://www.dentsplysirona.com/en/explore/restorative.html,https://www.dentsplysirona.com/en/explore/restorative.html,no,200,Explore / Category Landing,"Hero, Teaser, Carousel, Accordion, Step, Cards, Embed, List, Search",Adobe DTM / Launch; Adobe Scene7 / Dynamic Media; SAP Hybris Commerce; Commerce GraphQL API; Coveo Search; reCAPTCHA; OneTrust; Google Fonts,High,Manual
https://www.dentsplysirona.com/en/explore/restorative/brands/algin-x-ultra.html,https://www.dentsplysirona.com/en/discover/discover-by-brand/algin-x-ultra.html,yes,200,Brand / Product Page,"Carousel, List, Search",Adobe DTM / Launch; Adobe Scene7 / Dynamic Media; SAP Hybris Commerce; Commerce GraphQL API; Coveo Search; reCAPTCHA; OneTrust; Google Fonts,Medium,Semi-Automated
https://www.dentsplysirona.com/en/explore/restorative/brands/aquasil-ultra-plus.html,https://www.dentsplysirona.com/en/discover/discover-by-brand/aquasil-ultra-plus.html,yes,200,Brand / Product Page,"Carousel, List, Search",Adobe DTM / Launch; Adobe Scene7 / Dynamic Media; SAP Hybris Commerce; Commerce GraphQL API; Coveo Search; reCAPTCHA; OneTrust; Google Fonts,Medium,Semi-Automated
https://www.dentsplysirona.com/en/explore/restorative/brands/cad---cam-blocks.html,https://www.dentsplysirona.com/en/discover/discover-by-category/restorative/cad-cam-materials-for-the-dental-practice.html,yes,200,Brand / Product Page,"List, Search",Adobe DTM / Launch; Adobe Scene7 / Dynamic Media; SAP Hybris Commerce; Commerce GraphQL API; Coveo Search; reCAPTCHA; OneTrust; Google Fonts,Medium,Semi-Automated
https://www.dentsplysirona.com/en/explore/restorative/brands/calibra.html,https://www.dentsplysirona.com/en/discover/discover-by-brand/calibra-cements.html,yes,200,Brand / Product Page,"Carousel, List, Search",Adobe DTM / Launch; Adobe Scene7 / Dynamic Media; SAP Hybris Commerce; Commerce GraphQL API; Coveo Search; reCAPTCHA; OneTrust; Google Fonts,Medium,Semi-Automated
https://www.dentsplysirona.com/en/explore/restorative/brands/ceram-x-spectra-st-family.html,https://www.dentsplysirona.com/en/discover/discover-by-brand/ceram-x-spectra-st-family.html,yes,200,Brand / Product Page,"Video, Embed, List, Search",Adobe DTM / Launch; Adobe Scene7 / Dynamic Media; SAP Hybris Commerce; Commerce GraphQL API; Coveo Search; reCAPTCHA; OneTrust; YouTube; Google Fonts,Medium,Semi-Automated
https://www.dentsplysirona.com/en/explore/restorative/brands/ceram-x-spectra-st-family/ceram-x-spectra-st.html,https://www.dentsplysirona.com/en/discover/discover-by-brand/ceram-x-spectra-st-family/ceram-x-spectra-st.html,yes,200,Brand / Product Page,"Carousel, List, Search",Adobe DTM / Launch; Adobe Scene7 / Dynamic Media; SAP Hybris Commerce; Commerce GraphQL API; Coveo Search; reCAPTCHA; OneTrust; Google Fonts,Medium,Semi-Automated
https://www.dentsplysirona.com/en/explore/restorative/brands/enhance-flex.html,https://www.dentsplysirona.com/en/explore/restorative/brands/enhance-flex.html,no,200,Explore / Category Landing,"Hero, Teaser, Carousel, Accordion, Step, Cards, Embed, List, Search",Adobe DTM / Launch; Adobe Scene7 / Dynamic Media; SAP Hybris Commerce; Commerce GraphQL API; Coveo Search; reCAPTCHA; OneTrust; Google Fonts,High,Manual
https://www.dentsplysirona.com/en/explore/restorative/brands/enhance.html,https://www.dentsplysirona.com/en/discover/discover-by-brand/enhance.html,yes,200,Brand / Product Page,"List, Search",Adobe DTM / Launch; Adobe Scene7 / Dynamic Media; SAP Hybris Commerce; Commerce GraphQL API; Coveo Search; reCAPTCHA; OneTrust; Google Fonts,Medium,Semi-Automated
https://www.dentsplysirona.com/en/explore/restorative/brands/integrity.html,https://www.dentsplysirona.com/en/explore/restorative.html,yes,200,Explore / Category Landing,"Hero, Teaser, Carousel, Accordion, Step, Cards, Embed, List, Search",Adobe DTM / Launch; Adobe Scene7 / Dynamic Media; SAP Hybris Commerce; Commerce GraphQL API; Coveo Search; reCAPTCHA; OneTrust; Google Fonts,High,Manual
https://www.dentsplysirona.com/en/explore/restorative/brands/integrity/integrity-multicure.html,https://www.dentsplysirona.com/en/discover/discover-by-brand/integrity-multicure.html,yes,200,Brand / Product Page,"Carousel, List, Search",Adobe DTM / Launch; Adobe Scene7 / Dynamic Media; SAP Hybris Commerce; Commerce GraphQL API; Coveo Search; reCAPTCHA; OneTrust; Google Fonts,Medium,Semi-Automated
https://www.dentsplysirona.com/en/explore/restorative/brands/integrity/integrity-tempgrip.html,https://www.dentsplysirona.com/en/discover/discover-by-brand/integrity-tempgrip.html,yes,200,Brand / Product Page,"Carousel, List, Search",Adobe DTM / Launch; Adobe Scene7 / Dynamic Media; SAP Hybris Commerce; Commerce GraphQL API; Coveo Search; reCAPTCHA; OneTrust; Google Fonts,Medium,Semi-Automated
https://www.dentsplysirona.com/en/explore/restorative/brands/other/celtra-duo.html,https://www.dentsplysirona.com/en/discover/discover-by-brand/celtra-duo.html,yes,200,Brand / Product Page,"Carousel, List, Search",Adobe DTM / Launch; Adobe Scene7 / Dynamic Media; SAP Hybris Commerce; Commerce GraphQL API; Coveo Search; reCAPTCHA; OneTrust; Google Fonts,Medium,Semi-Automated
https://www.dentsplysirona.com/en/explore/restorative/brands/other/cerec-cercon-4d.html,https://www.dentsplysirona.com/en/explore/restorative/brands/other/cerec-cercon-4d.html,no,200,Explore / Category Landing,"Hero, Teaser, Carousel, Accordion, Step, Cards, Banner, Embed, List, Search",Adobe DTM / Launch; Adobe Scene7 / Dynamic Media; SAP Hybris Commerce; Commerce GraphQL API; Coveo Search; reCAPTCHA; OneTrust; Google Fonts,High,Manual
https://www.dentsplysirona.com/en/explore/restorative/brands/other/cerec-mtl--zirconia.html,https://www.dentsplysirona.com/en/discover/discover-by-brand/cerec-mtl-zirconia.html,yes,200,Brand / Product Page,"Carousel, List, Search",Adobe DTM / Launch; Adobe Scene7 / Dynamic Media; SAP Hybris Commerce; Commerce GraphQL API; Coveo Search; reCAPTCHA; OneTrust; Google Fonts,Medium,Semi-Automated
https://www.dentsplysirona.com/en/explore/restorative/brands/other/cerec-tessera.html,https://www.dentsplysirona.com/en/discover/discover-by-brand/cerec-tessera.html,yes,200,Brand / Product Page,"Carousel, List, Search",Adobe DTM / Launch; Adobe Scene7 / Dynamic Media; SAP Hybris Commerce; Commerce GraphQL API; Coveo Search; reCAPTCHA; OneTrust; Google Fonts,Medium,Semi-Automated
https://www.dentsplysirona.com/en/explore/restorative/brands/other/hemoban-gel.html,https://www.dentsplysirona.com/en/discover/discover-by-brand/hemoban-gel.html,yes,200,Brand / Product Page,"Video, Embed, List, Search",Adobe DTM / Launch; Adobe Scene7 / Dynamic Media; SAP Hybris Commerce; Commerce GraphQL API; Coveo Search; reCAPTCHA; OneTrust; YouTube; Google Fonts,Medium,Semi-Automated
https://www.dentsplysirona.com/en/explore/restorative/brands/palodent-matrix-systems.html,https://www.dentsplysirona.com/en/discover/discover-by-brand/palodent-family.html,yes,200,Brand / Product Page,"List, Search",Adobe DTM / Launch; Adobe Scene7 / Dynamic Media; SAP Hybris Commerce; Commerce GraphQL API; Coveo Search; reCAPTCHA; OneTrust; Google Fonts,Medium,Semi-Automated
https://www.dentsplysirona.com/en/explore/restorative/brands/prime-bond-active.html,https://www.dentsplysirona.com/en/discover/discover-by-brand/prime-bond-active.html,yes,200,Brand / Product Page,"Carousel, Video, Embed, List, Search",Adobe DTM / Launch; Adobe Scene7 / Dynamic Media; SAP Hybris Commerce; Commerce GraphQL API; Coveo Search; reCAPTCHA; OneTrust; YouTube; Google Fonts,Medium,Semi-Automated
https://www.dentsplysirona.com/en/explore/restorative/brands/prime-bond-universal.html,https://www.dentsplysirona.com/en/discover/discover-by-brand/prime-bond-universal.html,yes,200,Brand / Product Page,"Carousel, List, Search",Adobe DTM / Launch; Adobe Scene7 / Dynamic Media; SAP Hybris Commerce; Commerce GraphQL API; Coveo Search; reCAPTCHA; OneTrust; Google Fonts,Medium,Semi-Automated
https://www.dentsplysirona.com/en/explore/restorative/brands/sdr--plus.html,https://www.dentsplysirona.com/en/discover/discover-by-brand/sdr-flow-plus.html,yes,200,Basic Content Page,"Carousel, List, Search",Adobe DTM / Launch; Adobe Scene7 / Dynamic Media; SAP Hybris Commerce; Commerce GraphQL API; Coveo Search; reCAPTCHA; OneTrust; Google Fonts,Low,Automated
https://www.dentsplysirona.com/en/explore/restorative/brands/sdr-flow-plus.html,https://www.dentsplysirona.com/en/discover/discover-by-brand/sdr-flow--.html,yes,200,Basic Content Page,"List, Search",Adobe DTM / Launch; Adobe Scene7 / Dynamic Media; SAP Hybris Commerce; Commerce GraphQL API; Coveo Search; reCAPTCHA; OneTrust; Google Fonts,Low,Automated
https://www.dentsplysirona.com/en/explore/restorative/brands/smartlite-pro.html,https://www.dentsplysirona.com/en/discover/discover-by-brand/smartlite-pro.html,yes,200,Brand / Product Page,"Carousel, Video, Embed, List, Search",Adobe DTM / Launch; Adobe Scene7 / Dynamic Media; SAP Hybris Commerce; Commerce GraphQL API; Coveo Search; reCAPTCHA; OneTrust; YouTube; Google Fonts,Medium,Semi-Automated
https://www.dentsplysirona.com/en/explore/restorative/cad-cam-materials-for-dental-practice.html,https://www.dentsplysirona.com/en/explore/restorative/cad-cam-materials-for-dental-practice.html,no,404,(unavailable),—,,N/A,Excluded
https://www.dentsplysirona.com/en/explore/restorative/product-topics/cementation.html,https://www.dentsplysirona.com/en/discover/discover-by-brand/calibra-cements.html,yes,200,Brand / Product Page,"Carousel, List, Search",Adobe DTM / Launch; Adobe Scene7 / Dynamic Media; SAP Hybris Commerce; Commerce GraphQL API; Coveo Search; reCAPTCHA; OneTrust; Google Fonts,Medium,Semi-Automated
https://www.dentsplysirona.com/en/explore/restorative/product-topics/composites---flowables.html,https://www.dentsplysirona.com/en/discover/discover-by-procedure/class-II-restorative-solution.html,yes,200,Basic Content Page,"Carousel, List, Search",Adobe DTM / Launch; Adobe Scene7 / Dynamic Media; SAP Hybris Commerce; Commerce GraphQL API; Coveo Search; reCAPTCHA; OneTrust; Google Fonts,Low,Automated
https://www.dentsplysirona.com/en/explore/restorative/product-topics/other/class-ii-restorative.html,https://www.dentsplysirona.com/en/discover/discover-by-procedure/class-II-restorative-solution.html,yes,200,Basic Content Page,"Carousel, List, Search",Adobe DTM / Launch; Adobe Scene7 / Dynamic Media; SAP Hybris Commerce; Commerce GraphQL API; Coveo Search; reCAPTCHA; OneTrust; Google Fonts,Low,Automated
https://www.dentsplysirona.com/en/explore/restorative/product-topics/other/direct-post-endodontic-restorations-with-a-tight-seal.html,https://www.dentsplysirona.com/en/discover/discover-by-topic/by-category/restorative/direct-post-endo-restorations-with-tight-seal.html,yes,200,Article / Editorial Detail,"Carousel, Video, List, Search",Adobe DTM / Launch; Adobe Scene7 / Dynamic Media; SAP Hybris Commerce; Commerce GraphQL API; Coveo Search; reCAPTCHA; OneTrust; Google Fonts,Low,Automated
https://www.dentsplysirona.com/en/explore/restorative/product-topics/other/post-op-sensitivity-after-composite-fillings.html,https://www.dentsplysirona.com/en/discover/discover-by-topic/by-category/restorative/sensitivity-in-composite-restorations.html,yes,200,Brand / Product Page,"Carousel, List, Search",Adobe DTM / Launch; Adobe Scene7 / Dynamic Media; SAP Hybris Commerce; Commerce GraphQL API; Coveo Search; reCAPTCHA; OneTrust; Google Fonts,Medium,Semi-Automated
https://www.dentsplysirona.com/en/explore/restorative/product-topics/other/single-unit-crown-tissue-management.html,https://www.dentsplysirona.com/en/discover/discover-by-topic/by-category/restorative/Single-Unit-Crown-Tissue-Management.html,yes,200,Article / Editorial Detail,"Carousel, List, Search",Adobe DTM / Launch; Adobe Scene7 / Dynamic Media; SAP Hybris Commerce; Commerce GraphQL API; Coveo Search; reCAPTCHA; OneTrust; Google Fonts,Low,Automated
https://www.dentsplysirona.com/en/explore/restorative/product-topics/other/spectra-st-composite-suresmile-aligners.html,https://www.dentsplysirona.com/en/discover/discover-by-procedure/tph-spectra-st-for-suresmile-attachments.html,yes,200,Basic Content Page,"Carousel, Video, List, Search",Adobe DTM / Launch; Adobe Scene7 / Dynamic Media; SAP Hybris Commerce; Commerce GraphQL API; Coveo Search; reCAPTCHA; OneTrust; Google Fonts,Low,Automated
https://www.dentsplysirona.com/en/explore/restorative/product-topics/other/tooth-isolation-in-dentistry.html,https://www.dentsplysirona.com/en/discover/discover-by-topic/by-category/restorative/tooth-isolation.html,yes,200,Basic Content Page,"List, Search",Adobe DTM / Launch; Adobe Scene7 / Dynamic Media; SAP Hybris Commerce; Commerce GraphQL API; Coveo Search; reCAPTCHA; OneTrust; Google Fonts,Low,Automated
https://www.dentsplysirona.com/en/explore/restorative/product-topics/single-unit-crown-workflow.html,https://www.dentsplysirona.com/en/explore/restorative/product-topics/single-unit-crown-workflow.html,no,200,Explore / Category Landing,"Hero, Teaser, Cards, Banner, Embed, List, Search",Adobe DTM / Launch; Adobe Scene7 / Dynamic Media; SAP Hybris Commerce; Commerce GraphQL API; Coveo Search; reCAPTCHA; OneTrust; Google Fonts,High,Manual
https://www.dentsplysirona.com/en/explore/restorative/product-topics/single-unit-crown-workflow/digital-in-office.html,https://www.dentsplysirona.com/en/explore/restorative/product-topics/single-unit-crown-workflow/digital-in-office.html,no,200,Explore / Category Landing,"Hero, Carousel, Step, Embed, List, Search",Adobe DTM / Launch; Adobe Scene7 / Dynamic Media; SAP Hybris Commerce; Commerce GraphQL API; Coveo Search; reCAPTCHA; OneTrust; Google Fonts,High,Manual
https://www.dentsplysirona.com/en/explore/restorative/product-topics/single-unit-crown-workflow/digital-lab.html,https://www.dentsplysirona.com/en/explore/restorative/product-topics/single-unit-crown-workflow/digital-lab.html,no,200,Explore / Category Landing,"Hero, Carousel, Step, Embed, List, Search",Adobe DTM / Launch; Adobe Scene7 / Dynamic Media; SAP Hybris Commerce; Commerce GraphQL API; Coveo Search; reCAPTCHA; OneTrust; Google Fonts,High,Manual
https://www.dentsplysirona.com/en/explore/x-ray-solutions.html,https://www.dentsplysirona.com/en/discover/discover-by-category/imaging-systems.html,yes,200,Basic Content Page,"List, Search",Adobe DTM / Launch; Adobe Scene7 / Dynamic Media; SAP Hybris Commerce; Commerce GraphQL API; Coveo Search; reCAPTCHA; OneTrust; Google Fonts,Low,Automated
https://www.dentsplysirona.com/en/explore/x-ray-solutions/brands/axeos.html,https://www.dentsplysirona.com/en/discover/discover-by-brand/axeos.html,yes,200,Brand / Product Page,"Carousel, Video, Embed, List, Search",Adobe DTM / Launch; Adobe Scene7 / Dynamic Media; SAP Hybris Commerce; Commerce GraphQL API; Coveo Search; reCAPTCHA; OneTrust; YouTube; Google Fonts,Medium,Semi-Automated
https://www.dentsplysirona.com/en/explore/x-ray-solutions/brands/heliodent-plus.html,https://www.dentsplysirona.com/en/discover/discover-by-brand/heliodent-plus.html,yes,200,Brand / Product Page,"Carousel, List, Search",Adobe DTM / Launch; Adobe Scene7 / Dynamic Media; SAP Hybris Commerce; Commerce GraphQL API; Coveo Search; reCAPTCHA; OneTrust; Google Fonts,Medium,Semi-Automated
https://www.dentsplysirona.com/en/explore/x-ray-solutions/brands/magnetom.html,https://www.dentsplysirona.com/en/explore/x-ray-solutions/brands/magnetom.html,no,200,Explore / Category Landing,"Hero, Teaser, Carousel, Accordion, Step, Cards, Banner, Embed, List, Search",Adobe DTM / Launch; Adobe Scene7 / Dynamic Media; SAP Hybris Commerce; Commerce GraphQL API; Coveo Search; reCAPTCHA; OneTrust; Google Fonts,High,Manual
https://www.dentsplysirona.com/en/explore/x-ray-solutions/brands/orthophos-sl.html,https://www.dentsplysirona.com/en/discover/discover-by-brand/orthophos-sl.html,yes,200,Brand / Product Page,"Carousel, List, Search",Adobe DTM / Launch; Adobe Scene7 / Dynamic Media; SAP Hybris Commerce; Commerce GraphQL API; Coveo Search; reCAPTCHA; OneTrust; Google Fonts,Medium,Semi-Automated
https://www.dentsplysirona.com/en/explore/x-ray-solutions/brands/orthophos-sl/orthophos-e.html,https://www.dentsplysirona.com/en/discover/discover-by-brand/orthophos-e.html,yes,200,Brand / Product Page,"Carousel, List, Search",Adobe DTM / Launch; Adobe Scene7 / Dynamic Media; SAP Hybris Commerce; Commerce GraphQL API; Coveo Search; reCAPTCHA; OneTrust; Google Fonts,Medium,Semi-Automated
https://www.dentsplysirona.com/en/explore/x-ray-solutions/brands/orthophos-sl/orthophos-s.html,https://www.dentsplysirona.com/en/discover/discover-by-brand/orthophos-s.html,yes,200,Brand / Product Page,"Carousel, List, Search",Adobe DTM / Launch; Adobe Scene7 / Dynamic Media; SAP Hybris Commerce; Commerce GraphQL API; Coveo Search; reCAPTCHA; OneTrust; Google Fonts,Medium,Semi-Automated
https://www.dentsplysirona.com/en/explore/x-ray-solutions/brands/other/xios-intraoral-holder-system.html,https://www.dentsplysirona.com/en/discover/discover-by-brand/xios-intraoral-holder-systems.html,yes,200,Brand / Product Page,"Carousel, List, Search",Adobe DTM / Launch; Adobe Scene7 / Dynamic Media; SAP Hybris Commerce; Commerce GraphQL API; Coveo Search; reCAPTCHA; OneTrust; Google Fonts,Medium,Semi-Automated
https://www.dentsplysirona.com/en/explore/x-ray-solutions/brands/other/xios-xg-supreme.html,https://www.dentsplysirona.com/en/discover/discover-by-brand/xios-xg-supreme.html,yes,200,Brand / Product Page,"Carousel, Video, Embed, List, Search",Adobe DTM / Launch; Adobe Scene7 / Dynamic Media; SAP Hybris Commerce; Commerce GraphQL API; Coveo Search; reCAPTCHA; OneTrust; YouTube; Google Fonts,Medium,Semi-Automated
https://www.dentsplysirona.com/en/explore/x-ray-solutions/brands/rinn.html,https://www.dentsplysirona.com/en/discover/discover-by-brand/rinn-intraoral-imaging-accessories.html,yes,200,Brand / Product Page,"Video, Embed, List, Search",Adobe DTM / Launch; Adobe Scene7 / Dynamic Media; SAP Hybris Commerce; Commerce GraphQL API; Coveo Search; reCAPTCHA; OneTrust; YouTube; Google Fonts,Medium,Semi-Automated
https://www.dentsplysirona.com/en/explore/x-ray-solutions/brands/sicat.html,https://www.dentsplysirona.com/en/discover/discover-by-brand/sicat.html,yes,200,Brand / Product Page,"Carousel, Tabs, Video, Embed, List, Search",Adobe DTM / Launch; Adobe Scene7 / Dynamic Media; SAP Hybris Commerce; Commerce GraphQL API; Coveo Search; reCAPTCHA; OneTrust; YouTube; Google Fonts,Medium,Semi-Automated
https://www.dentsplysirona.com/en/explore/x-ray-solutions/brands/sidexis/sidexis-4.html,https://www.dentsplysirona.com/en/discover/discover-by-brand/sidexis-4.html,yes,200,Brand / Product Page,"List, Search",Adobe DTM / Launch; Adobe Scene7 / Dynamic Media; SAP Hybris Commerce; Commerce GraphQL API; Coveo Search; reCAPTCHA; OneTrust; Google Fonts,Medium,Semi-Automated
https://www.dentsplysirona.com/en/explore/x-ray-solutions/brands/sidexis/sidexis-ix.html,https://www.dentsplysirona.com/en/discover/discover-by-brand/sidexis-ix.html,yes,200,Brand / Product Page,"Carousel, List, Search",Adobe DTM / Launch; Adobe Scene7 / Dynamic Media; SAP Hybris Commerce; Commerce GraphQL API; Coveo Search; reCAPTCHA; OneTrust; Google Fonts,Medium,Semi-Automated
https://www.dentsplysirona.com/en/explore/x-ray-solutions/product-topics/ds-core-imaging.html,https://www.dentsplysirona.com/en/explore/x-ray-solutions/product-topics/ds-core-imaging.html,no,200,Explore / Category Landing,"Hero, Teaser, Carousel, Accordion, Step, Cards, Embed, List, Search",Adobe DTM / Launch; Adobe Scene7 / Dynamic Media; SAP Hybris Commerce; Commerce GraphQL API; Coveo Search; reCAPTCHA; OneTrust; Google Fonts,High,Manual
https://www.dentsplysirona.com/en/explore/x-ray-solutions/product-topics/extraoral-imaging.html,https://www.dentsplysirona.com/en/discover/discover-by-category/imaging-systems/extraoral-imaging.html,yes,200,Brand / Product Page,"List, Search",Adobe DTM / Launch; Adobe Scene7 / Dynamic Media; SAP Hybris Commerce; Commerce GraphQL API; Coveo Search; reCAPTCHA; OneTrust; Google Fonts,Medium,Semi-Automated
https://www.dentsplysirona.com/en/explore/x-ray-solutions/product-topics/imaging.html,https://www.dentsplysirona.com/en/discover/discover-by-topic/by-category/imaging/exceptional-experience-imaging.html,yes,200,Basic Content Page,"Carousel, Video, Embed, List, Search",Adobe DTM / Launch; Adobe Scene7 / Dynamic Media; SAP Hybris Commerce; Commerce GraphQL API; Coveo Search; reCAPTCHA; OneTrust; YouTube; Google Fonts,Low,Automated
https://www.dentsplysirona.com/en/learn.html,https://www.dentsplysirona.com/en/learn,yes,200,Explore / Category Landing,"Hero, Teaser, Carousel, Cards, Embed, List, Search",Adobe DTM / Launch; Adobe Scene7 / Dynamic Media; SAP Hybris Commerce; Commerce GraphQL API; Coveo Search; reCAPTCHA; OneTrust; Google Fonts,High,Manual
https://www.dentsplysirona.com/en/learn/ds-academy.html,https://www.dentsplysirona.com/en/academy/about-academy.html,yes,200,Academy — Content,"Carousel, List, Search",Adobe DTM / Launch; Adobe Scene7 / Dynamic Media; SAP Hybris Commerce; Commerce GraphQL API; Coveo Search; reCAPTCHA; OneTrust; Google Fonts,Low,Automated
https://www.dentsplysirona.com/en/learn/ds-academy/about-ds-academy.html,https://www.dentsplysirona.com/en/academy/about-academy.html,yes,200,Academy — Content,"Carousel, List, Search",Adobe DTM / Launch; Adobe Scene7 / Dynamic Media; SAP Hybris Commerce; Commerce GraphQL API; Coveo Search; reCAPTCHA; OneTrust; Google Fonts,Low,Automated
https://www.dentsplysirona.com/en/learn/ds-academy/ds-academy-series.html,https://www.dentsplysirona.com/en/academy/course-series.html,yes,200,Discover Hub / Homepage,"Carousel, List, Search",Adobe DTM / Launch; Adobe Scene7 / Dynamic Media; SAP Hybris Commerce; Commerce GraphQL API; Coveo Search; reCAPTCHA; OneTrust; Google Fonts,Medium,Semi-Automated
https://www.dentsplysirona.com/en/learn/education/continuing-education.html,https://www.dentsplysirona.com/en/academy/ce.html,yes,200,Discover Hub / Homepage,"Carousel, List, Search",Adobe DTM / Launch; Adobe Scene7 / Dynamic Media; SAP Hybris Commerce; Commerce GraphQL API; Coveo Search; reCAPTCHA; OneTrust; Google Fonts,Medium,Semi-Automated
https://www.dentsplysirona.com/en/learn/education/continuing-education/continuing-education-videos.html,https://www.dentsplysirona.com/en/academy/ce/videos.html,yes,200,Discover Hub / Homepage,"List, Search",Adobe DTM / Launch; Adobe Scene7 / Dynamic Media; SAP Hybris Commerce; Commerce GraphQL API; Coveo Search; reCAPTCHA; OneTrust; Google Fonts,Medium,Semi-Automated
https://www.dentsplysirona.com/en/learn/education/course-catalogue.html,https://www.dentsplysirona.com/en/academy/courses.html,yes,200,Academy — Content,"List, Search",Adobe DTM / Launch; Adobe Scene7 / Dynamic Media; SAP Hybris Commerce; Commerce GraphQL API; Coveo Search; reCAPTCHA; OneTrust; Google Fonts,Low,Automated
https://www.dentsplysirona.com/en/learn/education/course-catalogue/endodontics.html,https://www.dentsplysirona.com/en/academy/courses/endodontics.html,yes,200,Academy — Course Listing,"List, Search",Adobe DTM / Launch; Adobe Scene7 / Dynamic Media; SAP Hybris Commerce; Commerce GraphQL API; Coveo Search; reCAPTCHA; OneTrust; Google Fonts,High,Manual
https://www.dentsplysirona.com/en/learn/education/course-catalogue/live-courses.html,https://www.dentsplysirona.com/en/academy/courses/live-courses.html,yes,200,Academy — Course Listing,"List, Search",Adobe DTM / Launch; Adobe Scene7 / Dynamic Media; SAP Hybris Commerce; Commerce GraphQL API; Coveo Search; reCAPTCHA; OneTrust; Google Fonts,High,Manual
https://www.dentsplysirona.com/en/learn/education/course-catalogue/webinars.html,https://www.dentsplysirona.com/en/academy/courses/webinars.html,yes,200,Academy — Course Listing,"List, Search",Adobe DTM / Launch; Adobe Scene7 / Dynamic Media; SAP Hybris Commerce; Commerce GraphQL API; Coveo Search; reCAPTCHA; OneTrust; Google Fonts,High,Manual
https://www.dentsplysirona.com/en/learn/education/course-details.html/content/dam/master/content-fragments/en/en/courses-events/on-demand/2021/improving-endodontic-outcomes-anatomy-disinfection-and-obturation.html,https://www.dentsplysirona.com/en/learn,yes,200,Explore / Category Landing,"Hero, Teaser, Carousel, Cards, Embed, List, Search",Adobe DTM / Launch; Adobe Scene7 / Dynamic Media; SAP Hybris Commerce; Commerce GraphQL API; Coveo Search; reCAPTCHA; OneTrust; Google Fonts,High,Manual
https://www.dentsplysirona.com/en/learn/education/course-details.html/content/dam/master/content-fragments/en/en/courses-events/on-demand/2021/obturation-a-practical-proficiency-in-endodontics-learning-module.html,https://www.dentsplysirona.com/en/learn,yes,200,Explore / Category Landing,"Hero, Teaser, Carousel, Cards, Embed, List, Search",Adobe DTM / Launch; Adobe Scene7 / Dynamic Media; SAP Hybris Commerce; Commerce GraphQL API; Coveo Search; reCAPTCHA; OneTrust; Google Fonts,High,Manual
https://www.dentsplysirona.com/en/learn/education/course-details.html/content/dam/master/content-fragments/en/en/courses-events/on-demand/2022/ec1-endodontic-diagnosis-i.html,https://www.dentsplysirona.com/en/learn,yes,200,Explore / Category Landing,"Hero, Teaser, Carousel, Cards, Embed, List, Search",Adobe DTM / Launch; Adobe Scene7 / Dynamic Media; SAP Hybris Commerce; Commerce GraphQL API; Coveo Search; reCAPTCHA; OneTrust; Google Fonts,High,Manual
https://www.dentsplysirona.com/en/learn/education/course-details.html/content/dam/master/content-fragments/en/en/courses-events/on-demand/2022/ec3-fundamentals-of-the-pulp-the-etiology-of-pulpal-diseases.html,https://www.dentsplysirona.com/en/learn,yes,200,Explore / Category Landing,"Hero, Teaser, Carousel, Cards, Embed, List, Search",Adobe DTM / Launch; Adobe Scene7 / Dynamic Media; SAP Hybris Commerce; Commerce GraphQL API; Coveo Search; reCAPTCHA; OneTrust; Google Fonts,High,Manual
https://www.dentsplysirona.com/en/learn/education/course-details.html/content/dam/master/content-fragments/en/en/courses-events/on-demand/2022/new-protocol-and-benefits-of-the-protaper-ultimate-workflow.html,https://www.dentsplysirona.com/en/learn,yes,200,Explore / Category Landing,"Hero, Teaser, Carousel, Cards, Embed, List, Search",Adobe DTM / Launch; Adobe Scene7 / Dynamic Media; SAP Hybris Commerce; Commerce GraphQL API; Coveo Search; reCAPTCHA; OneTrust; Google Fonts,High,Manual
https://www.dentsplysirona.com/en/learn/education/course-details.html/content/dam/master/content-fragments/en/en/courses-events/on-demand/2022/protaper-ultimate-the-latest-innovation-in-endodontic-care.html,https://www.dentsplysirona.com/en/learn,yes,200,Explore / Category Landing,"Hero, Teaser, Carousel, Cards, Embed, List, Search",Adobe DTM / Launch; Adobe Scene7 / Dynamic Media; SAP Hybris Commerce; Commerce GraphQL API; Coveo Search; reCAPTCHA; OneTrust; Google Fonts,High,Manual
https://www.dentsplysirona.com/en/learn/education/course-details.html/content/dam/master/content-fragments/en/en/courses-events/on-demand/2023/diagnosis-analog-digital-approache,https://www.dentsplysirona.com/en/learn,yes,200,Explore / Category Landing,"Hero, Teaser, Carousel, Cards, Embed, List, Search",Adobe DTM / Launch; Adobe Scene7 / Dynamic Media; SAP Hybris Commerce; Commerce GraphQL API; Coveo Search; reCAPTCHA; OneTrust; Google Fonts,High,Manual
https://www.dentsplysirona.com/en/learn/education/course-details.html/content/dam/master/content-fragments/en/en/courses-events/on-demand/2023/digital-restoration-design-for-crowns-and-onlays,https://www.dentsplysirona.com/en/learn/education/course-details.html/content/dam/master/content-fragments/en/en/courses-events/on-demand/2023/digital-restoration-design-for-crowns-and-onlays,no,200,Explore / Category Landing,"Hero, Tabs, Embed, List, Search",Adobe DTM / Launch; Adobe Scene7 / Dynamic Media; SAP Hybris Commerce; Commerce GraphQL API; Coveo Search; reCAPTCHA; OneTrust; Google Fonts,High,Manual
https://www.dentsplysirona.com/en/learn/education/course-details.html/content/dam/master/content-fragments/en/en/courses-events/on-demand/2023/ds-core--how-to-set-up-ds-core,https://www.dentsplysirona.com/en/learn/education/course-details.html/content/dam/master/content-fragments/en/en/courses-events/on-demand/2023/ds-core--how-to-set-up-ds-core,no,200,Explore / Category Landing,"Hero, Tabs, Embed, List, Search",Adobe DTM / Launch; Adobe Scene7 / Dynamic Media; SAP Hybris Commerce; Commerce GraphQL API; Coveo Search; reCAPTCHA; OneTrust; Google Fonts,High,Manual
https://www.dentsplysirona.com/en/learn/education/course-details.html/content/dam/master/content-fragments/en/en/courses-events/on-demand/2023/ds-core-new-user-tutorial-us,https://www.dentsplysirona.com/en/learn/education/course-details.html/content/dam/master/content-fragments/en/en/courses-events/on-demand/2023/ds-core-new-user-tutorial-us,no,200,Explore / Category Landing,"Hero, Tabs, Embed, List, Search",Adobe DTM / Launch; Adobe Scene7 / Dynamic Media; SAP Hybris Commerce; Commerce GraphQL API; Coveo Search; reCAPTCHA; OneTrust; Google Fonts,High,Manual
https://www.dentsplysirona.com/en/learn/education/course-details.html/content/dam/master/content-fragments/en/en/courses-events/on-demand/2023/elevating-your-practice-the-new-patient-experience-team-excellence-digital-dentistry,https://www.dentsplysirona.com/en/learn/education/course-details.html/content/dam/master/content-fragments/en/en/courses-events/on-demand/2023/elevating-your-practice-the-new-patient-experience-team-excellence-digital-dentistry,no,200,Explore / Category Landing,"Hero, Tabs, Embed, List, Search",Adobe DTM / Launch; Adobe Scene7 / Dynamic Media; SAP Hybris Commerce; Commerce GraphQL API; Coveo Search; reCAPTCHA; OneTrust; Google Fonts,High,Manual
https://www.dentsplysirona.com/en/learn/education/learning-path.html,https://www.dentsplysirona.com/en/academy/course-series.html,yes,200,Discover Hub / Homepage,"Carousel, List, Search",Adobe DTM / Launch; Adobe Scene7 / Dynamic Media; SAP Hybris Commerce; Commerce GraphQL API; Coveo Search; reCAPTCHA; OneTrust; Google Fonts,Medium,Semi-Automated
https://www.dentsplysirona.com/en/learn/education/learning-path/sustainability.html,https://www.dentsplysirona.com/en/academy/course-series/sustainability-course-series.html,yes,200,Discover Hub / Homepage,"List, Search",Adobe DTM / Launch; Adobe Scene7 / Dynamic Media; SAP Hybris Commerce; Commerce GraphQL API; Coveo Search; reCAPTCHA; OneTrust; Google Fonts,Medium,Semi-Automated
https://www.dentsplysirona.com/en/learn/education/practice-management.html,https://www.dentsplysirona.com/en/academy/practice-management-marketing.html,yes,200,Discover Hub / Homepage,"Carousel, List, Search",Adobe DTM / Launch; Adobe Scene7 / Dynamic Media; SAP Hybris Commerce; Commerce GraphQL API; Coveo Search; reCAPTCHA; OneTrust; Google Fonts,Medium,Semi-Automated
https://www.dentsplysirona.com/en/learn/education/product-training.html,https://www.dentsplysirona.com/en/academy/product-training.html,yes,200,Discover Hub / Homepage,"Carousel, List, Search",Adobe DTM / Launch; Adobe Scene7 / Dynamic Media; SAP Hybris Commerce; Commerce GraphQL API; Coveo Search; reCAPTCHA; OneTrust; Google Fonts,Medium,Semi-Automated
https://www.dentsplysirona.com/en/learn/education/product-training/product-training-courses.html,https://www.dentsplysirona.com/en/academy/product-training/courses.html,yes,200,Discover Hub / Homepage,"List, Search",Adobe DTM / Launch; Adobe Scene7 / Dynamic Media; SAP Hybris Commerce; Commerce GraphQL API; Coveo Search; reCAPTCHA; OneTrust; Google Fonts,Medium,Semi-Automated
https://www.dentsplysirona.com/en/learn/education/product-training/product-training-research.html,https://www.dentsplysirona.com/en/academy/research-and-articles.html,yes,200,Discover Hub / Homepage,"List, Search",Adobe DTM / Launch; Adobe Scene7 / Dynamic Media; SAP Hybris Commerce; Commerce GraphQL API; Coveo Search; reCAPTCHA; OneTrust; Google Fonts,Medium,Semi-Automated
https://www.dentsplysirona.com/en/learn/education/product-training/product-training-videos.html,https://www.dentsplysirona.com/en/academy/product-training/videos.html,yes,200,Discover Hub / Homepage,"List, Search",Adobe DTM / Launch; Adobe Scene7 / Dynamic Media; SAP Hybris Commerce; Commerce GraphQL API; Coveo Search; reCAPTCHA; OneTrust; Google Fonts,Medium,Semi-Automated
https://www.dentsplysirona.com/en/learn/education/research-articles.html,https://www.dentsplysirona.com/en/learn/education/research-articles.html,no,200,Explore / Category Landing,"Hero, Embed, List, Search",Adobe DTM / Launch; Adobe Scene7 / Dynamic Media; SAP Hybris Commerce; Commerce GraphQL API; Coveo Search; reCAPTCHA; OneTrust; Google Fonts,High,Manual
https://www.dentsplysirona.com/en/legal/dentsply-sirona-inc.html,https://www.dentsplysirona.com/en/legal/dentsply-sirona-inc.html,no,200,Explore / Category Landing,"Hero, Teaser, Embed, List, Search",Adobe DTM / Launch; Adobe Scene7 / Dynamic Media; SAP Hybris Commerce; Commerce GraphQL API; Coveo Search; reCAPTCHA; OneTrust; Google Fonts,High,Manual
https://www.dentsplysirona.com/en/legal/privacy-policy.html,https://www.dentsplysirona.com/en/legal/privacy-policy.html,no,200,Explore / Category Landing,"Hero, Accordion, Embed, List, Search",Adobe DTM / Launch; Adobe Scene7 / Dynamic Media; SAP Hybris Commerce; Commerce GraphQL API; Coveo Search; reCAPTCHA; OneTrust; Google Fonts,High,Manual
https://www.dentsplysirona.com/en/legal/terms-of-use.html,https://www.dentsplysirona.com/en/legal/terms-of-use.html,no,200,Explore / Category Landing,"Hero, Embed, List, Search",Adobe DTM / Launch; Adobe Scene7 / Dynamic Media; SAP Hybris Commerce; Commerce GraphQL API; Coveo Search; reCAPTCHA; OneTrust; Google Fonts,High,Manual
https://www.dentsplysirona.com/en/lp.html,https://www.dentsplysirona.com/en/lp,yes,200,Basic Content Page,"List, Search",Adobe DTM / Launch; Adobe Scene7 / Dynamic Media; SAP Hybris Commerce; Commerce GraphQL API; Coveo Search; reCAPTCHA; OneTrust; Google Fonts,Low,Automated
https://www.dentsplysirona.com/en/lp/suresmile-whitepaper.html,https://www.dentsplysirona.com/en/lp/suresmile-whitepaper.html,no,200,Basic Content Page,"List, Search",Adobe DTM / Launch; Adobe Scene7 / Dynamic Media; SAP Hybris Commerce; Commerce GraphQL API; Coveo Search; reCAPTCHA; OneTrust; Google Fonts,Low,Automated
https://www.dentsplysirona.com/en/lp/trusted-endo-partner.html,https://www.dentsplysirona.com/en/lp/trusted-endo-partner.html,no,200,Explore / Category Landing,"Hero, Teaser, Cards, Banner, Embed, List, Search",Adobe DTM / Launch; Adobe Scene7 / Dynamic Media; SAP Hybris Commerce; Commerce GraphQL API; Coveo Search; reCAPTCHA; OneTrust; Google Fonts,High,Manual
https://www.dentsplysirona.com/en/lp/windows-11-security-package.html,https://www.dentsplysirona.com/en/lp/windows-11-security-package.html,no,200,Explore / Category Landing,"Hero, Embed, List, Search",Adobe DTM / Launch; Adobe Scene7 / Dynamic Media; SAP Hybris Commerce; Commerce GraphQL API; Coveo Search; reCAPTCHA; OneTrust; Google Fonts,High,Manual
https://www.dentsplysirona.com/en/shop.html,https://www.dentsplysirona.com/en/shop,yes,200,Shop Home (Hybris),"Carousel, List, Search",Adobe DTM / Launch; Adobe Scene7 / Dynamic Media; SAP Hybris Commerce; Commerce GraphQL API; Coveo Search; reCAPTCHA; OneTrust; Google Fonts,High,Recreate
https://www.dentsplysirona.com/en/shop/categories/implant-dentistry.html,https://www.dentsplysirona.com/en/shop/categories/implant-dentistry.html,no,404,(unavailable),—,,N/A,Excluded
https://www.dentsplysirona.com/en/shop/product-page.html/R-BP-1000170039/sdr-flow.html,https://www.dentsplysirona.com/en/shop/product-page.html/R-BP-1000170039/sdr-flow.html,no,404,(unavailable),—,,N/A,Excluded
https://www.dentsplysirona.com/en/support.html,https://www.dentsplysirona.com/en/support,yes,200,Explore / Category Landing,"Hero, Teaser, Accordion, Cards, Embed, List, Search",Adobe DTM / Launch; Adobe Scene7 / Dynamic Media; SAP Hybris Commerce; Commerce GraphQL API; Coveo Search; reCAPTCHA; OneTrust; Google Fonts,High,Manual
https://www.dentsplysirona.com/en/support/account-support.html,https://www.dentsplysirona.com/en/support/account-support.html,no,200,Explore / Category Landing,"Hero, Cards, Embed, List, Search",Adobe DTM / Launch; Adobe Scene7 / Dynamic Media; SAP Hybris Commerce; Commerce GraphQL API; Coveo Search; reCAPTCHA; OneTrust; Google Fonts,High,Manual
https://www.dentsplysirona.com/en/support/account-support/dealer-search.html,https://www.dentsplysirona.com/en/customer-support/dealer-search.html,yes,200,Basic Content Page,"List, Search",Adobe DTM / Launch; Adobe Scene7 / Dynamic Media; SAP Hybris Commerce; Commerce GraphQL API; Coveo Search; reCAPTCHA; OneTrust; Google Fonts,Low,Automated
https://www.dentsplysirona.com/en/support/account-support/faq.html,https://www.dentsplysirona.com/en/support/account-support/faq.html,no,200,Explore / Category Landing,"Hero, Cards, Embed, List, Search",Adobe DTM / Launch; Adobe Scene7 / Dynamic Media; SAP Hybris Commerce; Commerce GraphQL API; Coveo Search; reCAPTCHA; OneTrust; Google Fonts,High,Manual
https://www.dentsplysirona.com/en/support/contact-support.html,https://www.dentsplysirona.com/en/customer-support/contact-us.html,yes,200,Support — Contact,"List, Search",Adobe DTM / Launch; Adobe Scene7 / Dynamic Media; SAP Hybris Commerce; Commerce GraphQL API; Coveo Search; reCAPTCHA; OneTrust; Google Fonts,Medium,Manual
https://www.dentsplysirona.com/en/support/help-topics.html,https://www.dentsplysirona.com/en/support/help-topics.html,no,200,Explore / Category Landing,"Hero, Cards, Embed, List, Search",Adobe DTM / Launch; Adobe Scene7 / Dynamic Media; SAP Hybris Commerce; Commerce GraphQL API; Coveo Search; reCAPTCHA; OneTrust; Google Fonts,High,Manual
https://www.dentsplysirona.com/en/support/resources.html,https://www.dentsplysirona.com/en/support/resources.html,no,200,Explore / Category Landing,"Hero, Teaser, Cards, Embed, List, Search",Adobe DTM / Launch; Adobe Scene7 / Dynamic Media; SAP Hybris Commerce; Commerce GraphQL API; Coveo Search; reCAPTCHA; OneTrust; Google Fonts,High,Manual
https://www.dentsplysirona.com/en/support/resources/download-center.html,https://www.dentsplysirona.com/en/customer-support/download-center.html,yes,200,Basic Content Page,"Carousel, List, Search",Adobe DTM / Launch; Adobe Scene7 / Dynamic Media; SAP Hybris Commerce; Commerce GraphQL API; Coveo Search; reCAPTCHA; OneTrust; Google Fonts,Low,Automated
https://www.dentsplysirona.com/en/support/resources/primescan-2-resource-hub.html,https://www.dentsplysirona.com/en/support/resources/primescan-2-resource-hub.html,no,200,Explore / Category Landing,"Hero, Teaser, Accordion, Cards, Embed, List, Search",Adobe DTM / Launch; Adobe Scene7 / Dynamic Media; SAP Hybris Commerce; Commerce GraphQL API; Coveo Search; reCAPTCHA; OneTrust; Google Fonts,High,Manual
https://www.dentsplysirona.com/en/support/technical-support/ds-core-care-not-available.html,https://www.dentsplysirona.com/en/support/technical-support/ds-core-care-not-available.html,no,200,Explore / Category Landing,"Hero, Teaser, Cards, Embed, List, Search",Adobe DTM / Launch; Adobe Scene7 / Dynamic Media; SAP Hybris Commerce; Commerce GraphQL API; Coveo Search; reCAPTCHA; OneTrust; Google Fonts,High,Manual
https://www.dentsplysirona.com/en/support/technical-support/ds-core-care-support.html,https://coresupport.dentsplysirona.com/doc/cm-products-en-US/-,yes,200,(none),Rich Text,,Medium,Semi-Automated
https://www.dentsplysirona.com/en/why-ds.html,https://www.dentsplysirona.com/en/why-ds,yes,200,Explore / Category Landing,"Hero, Teaser, Carousel, Cards, Embed, List, Search",Adobe DTM / Launch; Adobe Scene7 / Dynamic Media; SAP Hybris Commerce; Commerce GraphQL API; Coveo Search; reCAPTCHA; OneTrust; Google Fonts,High,Manual
https://www.dentsplysirona.com/en/why-ds/about-ds/mission-vision.html,https://www.dentsplysirona.com/en/company/our-company/mission-vision.html,yes,200,Basic Content Page,"Carousel, List, Search",Adobe DTM / Launch; Adobe Scene7 / Dynamic Media; SAP Hybris Commerce; Commerce GraphQL API; Coveo Search; reCAPTCHA; OneTrust; Google Fonts,Low,Automated
https://www.dentsplysirona.com/en/why-ds/about-ds/newsroom.html,https://www.dentsplysirona.com/en/why-ds/about-ds/newsroom.html,no,200,Explore / Category Landing,"Hero, Teaser, Banner, Embed, List, Search",Adobe DTM / Launch; Adobe Scene7 / Dynamic Media; SAP Hybris Commerce; Commerce GraphQL API; Coveo Search; reCAPTCHA; OneTrust; Google Fonts,High,Manual
https://www.dentsplysirona.com/en/why-ds/about-ds/newsroom/media-list-subscription.html,https://www.dentsplysirona.com/en/why-ds/about-ds/newsroom/media-list-subscription.html,no,200,Explore / Category Landing,"Hero, Embed, List, Search",Adobe DTM / Launch; Adobe Scene7 / Dynamic Media; SAP Hybris Commerce; Commerce GraphQL API; Coveo Search; reCAPTCHA; OneTrust; Google Fonts,High,Manual
https://www.dentsplysirona.com/en/why-ds/careers/job-opportunities.html,https://careers.dentsplysirona.com/,yes,200,(none),Rich Text,,Medium,Semi-Automated
https://www.dentsplysirona.com/en/why-ds/careers/working-at-ds.html,https://www.dentsplysirona.com/en/company/careers.html,yes,200,Basic Content Page,"Carousel, List, Search",Adobe DTM / Launch; Adobe Scene7 / Dynamic Media; SAP Hybris Commerce; Commerce GraphQL API; Coveo Search; reCAPTCHA; OneTrust; Google Fonts,Low,Automated
https://www.dentsplysirona.com/en/why-ds/compliance-ethics.html,https://www.dentsplysirona.com/en/company/our-company/compliance-ethics.html,yes,200,Basic Content Page,"List, Search",Adobe DTM / Launch; Adobe Scene7 / Dynamic Media; SAP Hybris Commerce; Commerce GraphQL API; Coveo Search; reCAPTCHA; OneTrust; Google Fonts,Low,Automated
https://www.dentsplysirona.com/en/why-ds/esg-disclosure.html,https://www.dentsplysirona.com/en/why-ds/esg-disclosure.html,no,200,Explore / Category Landing,"Hero, Teaser, Cards, Embed, List, Search",Adobe DTM / Launch; Adobe Scene7 / Dynamic Media; SAP Hybris Commerce; Commerce GraphQL API; Coveo Search; reCAPTCHA; OneTrust; Google Fonts,High,Manual
https://www.dentsplysirona.com/en/why-ds/events/all-events.html,https://www.dentsplysirona.com/en/why-ds/events/all-events.html,no,200,Explore / Category Landing,"Hero, Teaser, Carousel, Cards, Embed, List, Search",Adobe DTM / Launch; Adobe Scene7 / Dynamic Media; SAP Hybris Commerce; Commerce GraphQL API; Coveo Search; reCAPTCHA; OneTrust; Google Fonts,High,Manual
https://www.dentsplysirona.com/en/why-ds/events/all-events/implants-solutions-world-summit.html,https://www.dentsplysirona.com/en/why-ds/events/all-events/implants-solutions-world-summit.html,no,200,Explore / Category Landing,"Hero, Teaser, Cards, Embed, List, Search",Adobe DTM / Launch; Adobe Scene7 / Dynamic Media; SAP Hybris Commerce; Commerce GraphQL API; Coveo Search; reCAPTCHA; OneTrust; Google Fonts,High,Manual
https://www.dentsplysirona.com/en/why-ds/inclusion-engagement.html,https://www.dentsplysirona.com/en/why-ds/inclusion-engagement.html,no,200,Explore / Category Landing,"Hero, Teaser, Cards, Banner, Embed, List, Search",Adobe DTM / Launch; Adobe Scene7 / Dynamic Media; SAP Hybris Commerce; Commerce GraphQL API; Coveo Search; reCAPTCHA; OneTrust; Google Fonts,High,Manual
https://www.dentsplysirona.com/en/why-ds/our-company/board-of-directors.html,https://www.dentsplysirona.com/en/company/our-company/board-of-directors.html,yes,200,Basic Content Page,"List, Search",Adobe DTM / Launch; Adobe Scene7 / Dynamic Media; SAP Hybris Commerce; Commerce GraphQL API; Coveo Search; reCAPTCHA; OneTrust; Google Fonts,Low,Automated
https://www.dentsplysirona.com/en/why-ds/our-company/executive-team.html,https://www.dentsplysirona.com/en/why-ds/our-company/executive-team.html,no,200,Explore / Category Landing,"Hero, Step, Embed, List, Search",Adobe DTM / Launch; Adobe Scene7 / Dynamic Media; SAP Hybris Commerce; Commerce GraphQL API; Coveo Search; reCAPTCHA; OneTrust; Google Fonts,High,Manual
https://www.dentsplysirona.com/en/why-ds/our-company/sustainability.html,https://www.dentsplysirona.com/en/why-ds/our-company/sustainability.html,no,200,Explore / Category Landing,"Hero, Teaser, Step, Cards, Banner, Embed, List, Search",Adobe DTM / Launch; Adobe Scene7 / Dynamic Media; SAP Hybris Commerce; Commerce GraphQL API; Coveo Search; reCAPTCHA; OneTrust; Google Fonts,High,Manual
https://www.dentsplysirona.com/en/why-ds/our-company/sustainability/healthy-business.html,https://www.dentsplysirona.com/en/why-ds/our-company/sustainability/healthy-business.html,no,200,Explore / Category Landing,"Hero, Teaser, Accordion, Embed, List, Search",Adobe DTM / Launch; Adobe Scene7 / Dynamic Media; SAP Hybris Commerce; Commerce GraphQL API; Coveo Search; reCAPTCHA; OneTrust; Google Fonts,High,Manual
https://www.dentsplysirona.com/en/why-ds/our-company/sustainability/healthy-planet.html,https://www.dentsplysirona.com/en/why-ds/our-company/sustainability/healthy-planet.html,no,200,Explore / Category Landing,"Hero, Teaser, Embed, List, Search",Adobe DTM / Launch; Adobe Scene7 / Dynamic Media; SAP Hybris Commerce; Commerce GraphQL API; Coveo Search; reCAPTCHA; OneTrust; Google Fonts,High,Manual
https://www.dentsplysirona.com/en/why-ds/our-company/sustainability/healthy-smiles.html,https://www.dentsplysirona.com/en/why-ds/our-company/sustainability/healthy-smiles.html,no,200,Explore / Category Landing,"Hero, Teaser, Embed, List, Search",Adobe DTM / Launch; Adobe Scene7 / Dynamic Media; SAP Hybris Commerce; Commerce GraphQL API; Coveo Search; reCAPTCHA; OneTrust; Google Fonts,High,Manual
https://www.dentsplysirona.com/en/why-ds/our-company/sustainability/sustainability-partners.html,https://www.dentsplysirona.com/en/why-ds/our-company/sustainability/sustainability-partners.html,no,200,Explore / Category Landing,"Hero, Teaser, Cards, Embed, List, Search",Adobe DTM / Launch; Adobe Scene7 / Dynamic Media; SAP Hybris Commerce; Commerce GraphQL API; Coveo Search; reCAPTCHA; OneTrust; Google Fonts,High,Manual
https://www.dentsplysirona.com/en/why-ds/our-company/sustainability/sustainability-resource-kit.html,https://www.dentsplysirona.com/en/why-ds/our-company/sustainability/sustainability-resource-kit.html,no,200,Explore / Category Landing,"Hero, Accordion, Step, Cards, Embed, List, Search",Adobe DTM / Launch; Adobe Scene7 / Dynamic Media; SAP Hybris Commerce; Commerce GraphQL API; Coveo Search; reCAPTCHA; OneTrust; Google Fonts,High,Manual
https://www.dentsplysirona.com/en/why-ds/our-company/sustainability/sustainability-strategy.html,https://www.dentsplysirona.com/en/why-ds/our-company/sustainability/sustainability-strategy.html,no,200,Explore / Category Landing,"Hero, Teaser, Accordion, Cards, Embed, List, Search",Adobe DTM / Launch; Adobe Scene7 / Dynamic Media; SAP Hybris Commerce; Commerce GraphQL API; Coveo Search; reCAPTCHA; OneTrust; Google Fonts,High,Manual
https://www.dentsplysirona.com/en/why-ds/our-programs.html,https://www.dentsplysirona.com/en/explore,yes,200,Explore / Category Landing,"Hero, Teaser, Carousel, Cards, Embed, List, Search",Adobe DTM / Launch; Adobe Scene7 / Dynamic Media; SAP Hybris Commerce; Commerce GraphQL API; Coveo Search; reCAPTCHA; OneTrust; Google Fonts,High,Manual
https://www.dentsplysirona.com/en/why-ds/our-programs/one-ds-loyalty.html,https://www.dentsplysirona.com/content/dentsply-sirona-dt/en/en/customer-support/one-ds-loyalty-benefits,yes,404,(unavailable),—,,N/A,Excluded